Date;IT;EXOG1;EXOG2
2013-10-01;151,9960761;17,54;11,2
2013-10-02;148,8656752;17,39;11,07
2013-10-03;155,9632304;16,16;12,73
2013-10-04;164,4116595;16,22;10,53
2013-10-05;131,0433796;16,04;10,88
2013-10-06;122,4549968;16,69;10,22
2013-10-07;163,6312068;16,89;10,06
2013-10-08;166,2729764;16,49;8,68
2013-10-09;164,4021368;16,39;7,26
2013-10-10;159,3496589;16;12,23
2013-10-11;161,6390357;15,08;11,45
2013-10-12;132,1715177;15,14;9,88
2013-10-13;138,9304627;16,02;6,84
2013-10-14;179,3612239;16,34;6,87
2013-10-15;177,684452;16,6;8,24
2013-10-16;161,6269247;16,59;14,58
2013-10-17;165,9294458;15,67;11,67
2013-10-18;165,2352477;15,07;6,89
2013-10-19;138,5337751;15,94;8,08
2013-10-20;127,3203683;17,08;10,07
2013-10-21;170,9046659;17,43;8,42
2013-10-22;171,7068603;17,63;8,83
2013-10-23;165,9080924;17,72;10,49
2013-10-24;161,7301111;17,24;7,51
2013-10-25;153,5942584;17,22;6,92
2013-10-26;121,650322;17,29;7,25
2013-10-27;107,4530385;17,28;9,51
2013-10-28;147,7506996;18,01;12,41
2013-10-29;151,7388622;16,83;8,72
2013-10-30;154,9473135;15,86;8,72
2013-10-31;156,0191321;13,89;8,01
2013-11-01;130,8089911;13,19;4,38
2013-11-02;133,898311;15,45;9,4
2013-11-03;122,702351;15,79;13,95
2013-11-04;169,2742163;14,71;13,93
2013-11-05;176,3778675;13,38;15,49
2013-11-06;171,0780974;14,23;14,01
2013-11-07;176,2040288;15,02;9,71
2013-11-08;173,8039676;15,22;8,25
2013-11-09;138,2217056;15;12
2013-11-10;142,0042097;13,06;15,83
2013-11-11;196,8619812;11,07;22,29
2013-11-12;205,4998272;11,58;14,75
2013-11-13;203,797008;12,19;11,45
2013-11-14;209,0371638;12,09;9,87
2013-11-15;214,6970673;10,84;12,56
2013-11-16;173,6302125;11,36;11,49
2013-11-17;167,3450134;11,37;7,52
2013-11-18;222,7593183;11,58;12,36
2013-11-19;225,3868712;11,33;14,54
2013-11-20;227,0701084;10,47;13,12
2013-11-21;250,7816272;8,38;14,07
2013-11-22;255,6684303;7,82;12,95
2013-11-23;226,2640801;7,79;14,83
2013-11-24;213,9324031;7,68;11,3
2013-11-25;277,9922541;6,56;15,16
2013-11-26;312,5278498;3,85;18,1
2013-11-27;338,76119;3,18;11,96
2013-11-28;337,203199;3,94;9,66
2013-11-29;321,1112393;5,39;8,54
2013-11-30;280,1793989;6,11;11,23
2013-12-01;252,8604521;7,66;18,86
2013-12-02;301,9409816;8,69;16,73
2013-12-03;308,5456025;7,19;12,04
2013-12-04;320,7279245;6,18;8,08
2013-12-05;316,3864982;6,54;8,03
2013-12-06;303,3932248;7,3;12,65
2013-12-07;276,7359175;6,67;9,97
2013-12-08;270,3464831;6,01;7,47
2013-12-09;336,9529411;6,58;7,1
2013-12-10;326,6878026;7,08;8,91
2013-12-11;330,0059434;6,81;7,67
2013-12-12;336,9301722;5,99;6,78
2013-12-13;328,0209629;4,58;7,31
2013-12-14;279,6416387;6,31;6,82
2013-12-15;262,8611267;6,55;8,21
2013-12-16;322,0339779;6,42;8,88
2013-12-17;328,9977401;6,12;8,03
2013-12-18;332,6186946;3,71;6,78
2013-12-19;326,7539523;6,18;8,8
2013-12-20;304,9869746;7,93;9,52
2013-12-21;254,9367857;7,97;7,34
2013-12-22;245,1809929;8,11;7,34
2013-12-23;266,0229106;7,27;3,89
2013-12-24;238,7505288;8,38;10,53
2013-12-25;193,3822098;10,22;17,86
2013-12-26;196,3766392;9,12;22
2013-12-27;236,1969793;7,43;10,4
2013-12-28;225,4127945;7,51;8,87
2013-12-29;217,9176404;8,2;8,9
2013-12-30;249,2972273;7,18;9,3
2013-12-31;244,568086;6,13;8,9
2014-01-01;226,168858;6,5;7,43
2014-01-02;271,7426117;7,42;9,44
2014-01-03;265,9387831;8,67;8,26
2014-01-04;233,2004361;9,58;12,43
2014-01-05;216,3943675;9,07;17,42
2014-01-06;233,8432216;7,83;8,06
2014-01-07;288,7768272;8,42;6,93
2014-01-08;289,6857373;8,55;7,06
2014-01-09;289,5075713;8,41;7,6
2014-01-10;274,9482266;8,81;7,62
2014-01-11;234,9618073;8,71;6,67
2014-01-12;228,3469977;8,29;6,36
2014-01-13;293,8661262;8,07;6,7
2014-01-14;299,2257854;8,21;11,17
2014-01-15;301,0412168;7,2;8,27
2014-01-16;304,7307879;7,23;8,34
2014-01-17;294,1172145;8,91;14,52
2014-01-18;242,1361835;9,6;14,71
2014-01-19;220,4404458;10,02;15,75
2014-01-20;270,2951326;9,02;13,23
2014-01-21;270,8645427;8,37;15,51
2014-01-22;267,338999;7,85;9,37
2014-01-23;274,1639562;7,67;7,59
2014-01-24;278,484323;6,81;16
2014-01-25;242,5966105;5,33;15,93
2014-01-26;236,2332477;5,5;15,39
2014-01-27;307,5386421;5,63;11,76
2014-01-28;318,6007849;4,88;12,59
2014-01-29;325,3053569;4,6;11,19
2014-01-30;321,5945026;7,28;17,13
2014-01-31;295,9597771;8,49;16,62
2014-02-01;244,6624399;8,54;13,86
2014-02-02;228,0181286;7,78;12,11
2014-02-03;290,5657529;7,51;12,25
2014-02-04;291,7977866;7,19;9,5
2014-02-05;285,4260793;7,59;11,8
2014-02-06;271,7598292;7,03;7,62
2014-02-07;269,9784823;8,76;13,82
2014-02-08;227,4458795;8,87;13,79
2014-02-09;214,0190569;8,75;16,7
2014-02-10;284,6683065;8,51;17,16
2014-02-11;272,2755593;9,31;14,52
2014-02-12;265,0221513;7,99;12,91
2014-02-13;270,3217084;8,04;13,19
2014-02-14;252,9634471;9,31;13,37
2014-02-15;216,1325648;9,62;10,34
2014-02-16;199,2149058;10,77;11,57
2014-02-17;233,9333426;11,12;12,26
2014-02-18;240,1755734;10,72;12,7
2014-02-19;243,3163921;11,22;14,13
2014-02-20;249,7600888;10,21;11,22
2014-02-21;232,8596798;9,5;9,2
2014-02-22;200,0746843;8,92;11,39
2014-02-23;197,8105999;8,08;10,15
2014-02-24;244,753421;7,9;9,56
2014-02-25;248,6657279;7,99;8,21
2014-02-26;260,7661116;8,35;10,11
2014-02-27;255,8193249;8,35;9,65
2014-02-28;250,4331546;8,08;11,79
2014-03-01;229,2276172;7,28;15,82
2014-03-02;211,0751395;7,15;10,64
2014-03-03;253,5289263;7,65;11,61
2014-03-04;258,8281059;7,7;15,05
2014-03-05;246,4414088;8,56;11,73
2014-03-06;231,5298815;9,22;13,07
2014-03-07;214,79223;9,6;11,26
2014-03-08;182,0081997;9,94;13,76
2014-03-09;170,480297;10,11;13,36
2014-03-10;226,496522;9,38;11,78
2014-03-11;230,2696328;9,04;10,46
2014-03-12;218,6890638;9,84;9,12
2014-03-13;210,4719765;10,34;8,3
2014-03-14;198,3114716;10,74;7,96
2014-03-15;162,0879475;10,72;10,34
2014-03-16;146,4355117;11,78;10,65
2014-03-17;175,8800316;12,74;8,62
2014-03-18;175,3050243;12,81;8,65
2014-03-19;168,1180437;12,77;10
2014-03-20;167,5420442;12,74;9,42
2014-03-21;161,0236619;12,83;9,24
2014-03-22;139,845919;12,18;11,85
2014-03-23;151,777638;10,45;17,23
2014-03-24;205,0556175;8,07;16,9
2014-03-25;223,3462479;7,54;10,62
2014-03-26;227,5197239;8,39;12,43
2014-03-27;221,8448973;9,25;15,6
2014-03-28;191,8330972;10,7;11,4
2014-03-29;148,619537;11,97;10,75
2014-03-30;137,5820396;12,72;8,94
2014-03-31;165,3698792;12,89;8,36
2014-04-01;161,8611406;13;9,06
2014-04-02;161,5588311;13,09;9,45
2014-04-03;164,6170672;13,79;12,3
2014-04-04;167,4582025;13,26;14,74
2014-04-05;134,9296175;13;11,39
2014-04-06;120,6172711;13,87;10,45
2014-04-07;142,4360469;15,15;9,99
2014-04-08;142,7803244;14,83;9,9
2014-04-09;143,926772;13,49;11,66
2014-04-10;144,155903;12,72;10,67
2014-04-11;140,8135725;13,2;8,88
2014-04-12;119,6538694;13,27;7,95
2014-04-13;116,9079805;13,28;8,02
2014-04-14;140,9326931;13,66;11,11
2014-04-15;145,3787779;11,87;15,64
2014-04-16;148,5614218;10,02;15,92
2014-04-17;151,6702132;10,09;13,62
2014-04-18;142,9560477;10,94;11,35
2014-04-19;126,9900191;11,58;13,86
2014-04-20;105,836412;13,05;10,95
2014-04-21;113,9606903;14;10,83
2014-04-22;148,8007954;15,03;8,44
2014-04-23;138,8409052;15,2;11,97
2014-04-24;128,3012032;15,69;12,39
2014-04-25;96,93597053;15,59;9,49
2014-04-26;98,26563397;15,04;9,66
2014-04-27;101,9509694;13,28;12,23
2014-04-28;149,5505527;12,93;12,92
2014-04-29;140,9072847;13,48;11,72
2014-04-30;139,948968;13,61;10,85
2014-05-01;101,8644667;14,07;10,16
2014-05-02;129,6159732;13,34;10,52
2014-05-03;111,3649787;12,67;12,94
2014-05-04;106,2663592;12,84;13,45
2014-05-05;130,3175424;14,02;10,82
2014-05-06;130,6617876;14,9;8,95
2014-05-07;133,3086367;15,09;9,93
2014-05-08;127,6772395;15,68;9,9
2014-05-09;119,5269058;16,81;10,1
2014-05-10;99,3706366;17,62;9,74
2014-05-11;93,36372712;16,93;14,1
2014-05-12;121,5299881;16,06;12,34
2014-05-13;126,9357459;14,7;12,81
2014-05-14;124,2796382;14,19;18,64
2014-05-15;125,865127;13,58;15,77
2014-05-16;126,3391102;13,77;14,36
2014-05-17;104,7156046;14,07;10,32
2014-05-18;97,28719328;15,7;11,68
2014-05-19;130,731027;16,23;10,53
2014-05-20;128,2910388;17,73;8,79
2014-05-21;126,8475149;19;10,03
2014-05-22;127,2075729;19,41;10,13
2014-05-23;122,861706;18,71;10,25
2014-05-24;98,63530636;18,31;9,63
2014-05-25;91,09859669;18,74;9,92
2014-05-26;120,6265728;18,25;9,64
2014-05-27;120,0584217;17,06;12,43
2014-05-28;122,5043576;16,83;10,62
2014-05-29;123,1043554;16,77;10,62
2014-05-30;115,6125121;17,11;11,77
2014-05-31;99,32826685;16,32;11,37
2014-06-01;86,9778328;16,76;10,45
2014-06-02;91,3649559;17,3;11,43
2014-06-03;123,3174579;17,81;10,98
2014-06-04;126,2690916;18,16;10,97
2014-06-05;127,3196323;19,13;9,65
2014-06-06;123,8283457;20,86;9,38
2014-06-07;97,26976277;22,44;9,26
2014-06-08;89,75667123;23,75;9,97
2014-06-09;128,9314435;24,9;9,84
2014-06-10;135,7049584;24,85;8,78
2014-06-11;137,1639392;24,83;9,01
2014-06-12;140,5864798;24,6;9,76
2014-06-13;135,6446512;23,69;9,23
2014-06-14;102,8980136;21,72;11,6
2014-06-15;92,65988504;19,79;12,81
2014-06-16;134,362642;19,16;11,79
2014-06-17;137,0097742;19,32;11,73
2014-06-18;130,8167641;19,38;11,02
2014-06-19;127,44026;19,83;12,14
2014-06-20;120,055793;20,46;11,37
2014-06-21;99,19559277;21,78;10,12
2014-06-22;92,06163706;22,11;9,11
2014-06-23;126,6128406;22,72;10,48
2014-06-24;124,5889253;23,04;12,53
2014-06-25;130,1973299;21,74;13,14
2014-06-26;134,1868891;21;10,48
2014-06-27;126,6334499;21,82;10,32
2014-06-28;98,46330376;22,27;10,13
2014-06-29;90,28438564;21,67;13,39
2014-06-30;124,4886722;20,65;15,25
2014-07-01;134,244953;20,63;9,86
2014-07-02;133,9769896;21,08;9,49
2014-07-03;133,3595775;22,64;10,58
2014-07-04;132,0816691;22,91;11,96
2014-07-05;94,68628625;22,83;11,32
2014-07-06;93,85159266;23,27;9,38
2014-07-07;143,304302;23,26;10,99
2014-07-08;133,5087897;21,47;15,5
2014-07-09;129,0048215;19,95;15,34
2014-07-10;127,3646874;18,71;15,52
2014-07-11;124,0884849;19,75;12,4
2014-07-12;96,30131395;20,01;10,07
2014-07-13;88,73014768;18,45;9,29
2014-07-14;134,8191704;20,43;9,98
2014-07-15;131,9500087;21,72;10,89
2014-07-16;132,6307234;23,45;10,81
2014-07-17;137,2516094;24,16;10,35
2014-07-18;130,0414636;24,65;10,28
2014-07-19;100,5539754;25,34;9,94
2014-07-20;95,26380904;24,69;10,75
2014-07-21;135,7078352;21,64;13,28
2014-07-22;133,8861973;21,12;11,88
2014-07-23;140,5669247;22,19;10,79
2014-07-24;140,6955006;21,95;8,68
2014-07-25;130,6692747;22,61;8,76
2014-07-26;97,75112792;21,99;10,75
2014-07-27;87,7237966;22,11;11,07
2014-07-28;132,6501167;22,51;9,74
2014-07-29;136,1780275;21,42;11,1
2014-07-30;125,5455947;20,75;13,84
2014-07-31;121,5029836;21,81;11,36
2014-08-01;111,3211422;22,7;9,91
2014-08-02;89,13840445;22,94;9,07
2014-08-03;81,87553307;22,64;8,83
2014-08-04;104,8453804;23,22;9,37
2014-08-05;102,8077093;22,99;10,63
2014-08-06;97,93021866;23,75;11,96
2014-08-07;98,40576286;23,96;10,78
2014-08-08;93,94298893;23,46;9,08
2014-08-09;82,65233525;23,74;8,95
2014-08-10;79,52207996;24,54;9,55
2014-08-11;91,28915947;24,42;9,67
2014-08-12;91,2894183;24,23;9,54
2014-08-13;88,36422291;23,67;12
2014-08-14;76,61481926;22,79;13,76
2014-08-15;66,96930911;20,95;13,28
2014-08-16;73,80548755;20,16;12,11
2014-08-17;72,62740349;20,19;11,51
2014-08-18;85,64104079;21,04;10,73
2014-08-19;91,22485666;21,38;11,23
2014-08-20;92,95308697;21,9;9,75
2014-08-21;94,4366188;22,03;10,13
2014-08-22;90,44563605;21,86;9,18
2014-08-23;86,56681788;21,09;10,04
2014-08-24;83,66411904;20,74;11,26
2014-08-25;116,7037348;20,43;9,98
2014-08-26;126,4657261;21,23;11,17
2014-08-27;129,2497249;22,77;11,19
2014-08-28;133,1644124;22,45;10,37
2014-08-29;130,6630979;22,34;9,19
2014-08-30;108,4180686;22,53;7,42
2014-08-31;96,5693205;21,83;9,21
2014-09-01;135,1970687;19,58;18,31
2014-09-02;134,8136864;19,03;14,13
2014-09-03;144,1242989;19,25;12,15
2014-09-04;149,6333267;20,23;9,33
2014-09-05;142,9256326;20,75;9,26
2014-09-06;103,7112002;20,76;9,55
2014-09-07;96,98733998;21,15;8,57
2014-09-08;142,1253417;21,63;8,02
2014-09-09;152,9716238;21,49;7,66
2014-09-10;153,454391;20,67;8,76
2014-09-11;147,9976655;19,41;11,09
2014-09-12;140,1305311;19,01;11,97
2014-09-13;104,9285804;19,04;9,85
2014-09-14;98,40979089;19,08;8,63
2014-09-15;143,2033776;19,58;7,47
2014-09-16;149,8664642;20,04;7,82
2014-09-17;153,0781643;19,98;9,25
2014-09-18;152,0054317;20,45;9,88
2014-09-19;148,2838979;21,23;10,49
2014-09-20;108,7831576;21,97;9,11
2014-09-21;96,61408442;21,64;9,08
2014-09-22;145,0413675;20,76;12,07
2014-09-23;149,9265367;17,74;13,39
2014-09-24;156,084605;16,94;8,98
2014-09-25;155,4757963;17,46;9,2
2014-09-26;143,5521495;17,26;11,3
2014-09-27;105,6387098;17,9;11
2014-09-28;103,1830193;18,16;9,5
2014-09-29;151,2670979;18,55;8,48
2014-09-30;156,2777345;18,61;7,32
2014-10-01;153,6189981;18,57;7,72
2014-10-02;149,9772618;18,43;8,7
2014-10-03;144,0032506;18,63;9,75
2014-10-04;111,5281272;17,41;8,87
2014-10-05;103,222027;16,91;9,14
2014-10-06;149,0527735;17,27;8,58
2014-10-07;156,6699088;17,3;8,89
2014-10-08;156,6717934;18,52;9,61
2014-10-09;155,4169693;19,37;10,47
2014-10-10;149,3462477;19,26;8,55
2014-10-11;110,570134;18,93;8,13
2014-10-12;100,913842;19,1;8,46
2014-10-13;146,4754226;19,55;10,27
2014-10-14;146,9103872;19,37;9,6
2014-10-15;147,1235248;19,71;10,95
2014-10-16;141,8646039;19,36;10,68
2014-10-17;136,5480639;19,65;11,41
2014-10-18;107,854989;19;7,86
2014-10-19;101,444878;18,45;7,42
2014-10-20;149,8879847;18,24;6,99
2014-10-21;150,3030816;18,48;11,36
2014-10-22;147,9427695;14,36;22,72
2014-10-23;158,0859591;11,86;16,37
2014-10-24;147,0733874;12,63;12,36
2014-10-25;117,6007846;13,07;10,84
2014-10-26;117,4057139;12,98;10,43
2014-10-27;175,581459;12,45;10,72
2014-10-28;189,8730667;12,06;9,08
2014-10-29;200,6332101;12,03;6,89
2014-10-30;200,5862974;10,1;7,08
2014-10-31;190,1329175;12,32;10,63
2014-11-01;148,4161325;12,54;8,57
2014-11-02;147,4972764;12,55;7
2014-11-03;191,8007355;13,16;9,69
2014-11-04;185,370541;15,11;17,38
2014-11-05;183,6486816;15,25;18,6
2014-11-06;185,8812023;14,19;14,2
2014-11-07;179,5538411;13,48;14,53
2014-11-08;142,2304882;13,62;9,87
2014-11-09;135,9241649;13,32;8,49
2014-11-10;185,9557343;14,24;10,51
2014-11-11;186,6080532;14,23;12,75
2014-11-12;186,917982;13,89;12,02
2014-11-13;184,1598364;13,34;10,51
2014-11-14;175,7463519;13;7,71
2014-11-15;153,0880267;13,15;12,27
2014-11-16;145,6964958;13,02;12,48
2014-11-17;209,7121303;11,7;12,62
2014-11-18;210,6799832;12,17;11,56
2014-11-19;216,5643211;11,2;9,54
2014-11-20;228,6534916;10,07;7,94
2014-11-21;230,2645694;10,39;7,12
2014-11-22;188,7688999;10,92;6,29
2014-11-23;177,8603316;11,53;7,16
2014-11-24;227,1084906;12,03;6,94
2014-11-25;229,8461671;11,88;7,07
2014-11-26;236,6988432;11,39;7,2
2014-11-27;237,7638945;11,71;8,16
2014-11-28;224,0586772;12,67;14,2
2014-11-29;172,2072359;13,37;12,68
2014-11-30;157,9250268;13,87;12,38
2014-12-01;201,3087697;12,81;14,16
2014-12-02;217,8925987;11,29;11,27
2014-12-03;231,7735339;10,74;11,21
2014-12-04;239,8306865;10,68;9,06
2014-12-05;230,412687;10,21;9,11
2014-12-06;185,6391515;9,69;10,57
2014-12-07;185,422118;8,64;8,38
2014-12-08;204,5886955;8,34;10,89
2014-12-09;263,5864786;7,49;14,8
2014-12-10;276,7563919;6,77;12,8
2014-12-11;284,1420021;7,19;10,32
2014-12-12;271,8346955;7,6;10,58
2014-12-13;235,5408561;8,86;9,26
2014-12-14;216,1205805;9,43;8,14
2014-12-15;271,9669624;10,16;8,73
2014-12-16;264,5053698;9,65;11,66
2014-12-17;264,4145774;9,11;9,14
2014-12-18;262,6023491;9,31;8,9
2014-12-19;255,9676986;9,61;8,58
2014-12-20;226,9578629;9,56;9,46
2014-12-21;219,7982616;8,46;10,62
2014-12-22;273,5818364;7,63;8,47
2014-12-23;260,5508495;8,13;7,68
2014-12-24;225,907786;8,23;7,68
2014-12-25;193,1387327;8,42;8,5
2014-12-26;205,0424038;6,69;12,56
2014-12-27;245,7357441;4,31;14,22
2014-12-28;246,6373423;4,5;18,54
2014-12-29;287,4277705;2,23;17,94
2014-12-30;299,0119119;0,92;17,75
2014-12-31;307,6397687;-1,88;15,65
2015-01-01;266,8678414;2,44;15,25
2015-01-02;280,5242588;4,83;10,08
2015-01-03;249,2534582;7,39;10,95
2015-01-04;222,4352833;8,81;14,38
2015-01-05;259,4265749;5,39;13,77
2015-01-06;256,6004571;5,16;10,99
2015-01-07;309,6819989;5,43;7,38
2015-01-08;304,4309912;6,59;8,3
2015-01-09;294,7610541;8,03;11,85
2015-01-10;232,3013858;10,54;14,19
2015-01-11;219,3384089;9,45;16,03
2015-01-12;288,1491078;7,28;12,5
2015-01-13;298,3408089;7,06;9,28
2015-01-14;296,721586;7,82;9,66
2015-01-15;297,3646303;7,86;9,15
2015-01-16;282,3685711;9,01;12,27
2015-01-17;221,1172861;9,69;13,84
2015-01-18;221,8433497;7,33;10,13
2015-01-19;302,3486964;6,27;7,89
2015-01-20;315,0139285;6,61;8,61
2015-01-21;313,7649954;6,81;9,92
2015-01-22;311,9137809;6,83;10,8
2015-01-23;296,8341739;7,07;15,86
2015-01-24;242,3997846;6,79;13,12
2015-01-25;235,9966997;5,74;14,37
2015-01-26;308,9331719;4,92;13,21
2015-01-27;327,2318017;4,41;11,03
2015-01-28;322,2828257;4,14;13,9
2015-01-29;330,3294364;5,3;14,24
2015-01-30;311,4389727;6,58;24,24
2015-01-31;269,5159389;5,18;11,82
2015-02-01;255,1185214;4,76;15,17
2015-02-02;323,5463826;3,95;13,57
2015-02-03;338,5940377;4,04;13,2
2015-02-04;321,4380189;5,95;16,12
2015-02-05;334,8442565;5,65;19,08
2015-02-06;323,697989;4,6;18,34
2015-02-07;282,9701165;3,97;12,78
2015-02-08;267,2494496;3,51;14,26
2015-02-09;330,0375664;2,71;20,21
2015-02-10;314,1759267;5,59;13,62
2015-02-11;310,1608351;6,21;9,24
2015-02-12;315,2317141;5,94;8,15
2015-02-13;304,3234343;5,74;7,3
2015-02-14;264,6227163;6,12;8,17
2015-02-15;248,3245078;6,7;9,96
2015-02-16;297,4263044;7,45;12,56
2015-02-17;272,9949311;7,81;13,9
2015-02-18;287,3082373;6,46;14,8
2015-02-19;299,2213719;5,76;8,72
2015-02-20;290,3101944;6,11;8,16
2015-02-21;253,2211841;6,62;13,7
2015-02-22;238,930032;7,61;15,42
2015-02-23;280,0452123;8,04;10,88
2015-02-24;285,9518525;7,86;14,97
2015-02-25;277,7534494;7,36;15,72
2015-02-26;270,847708;7,52;11,81
2015-02-27;259,1682879;7,34;9,82
2015-02-28;219,0690084;7,44;8,81
2015-03-01;207,1683031;8,01;9,83
2015-03-02;249,9096542;10,09;16,35
2015-03-03;238,1206713;10,74;11,53
2015-03-04;249,3930101;9,17;11
2015-03-05;261,6040325;7,12;26,24
2015-03-06;257,5999303;6,98;21,7
2015-03-07;222,9427471;6,88;17,47
2015-03-08;214,0887816;7,65;13,71
2015-03-09;262,9547878;7,95;10,46
2015-03-10;251,0113945;8,46;9,34
2015-03-11;236,0799779;9,12;10,16
2015-03-12;235,2905012;8,13;13,86
2015-03-13;236,7142948;7,72;10,95
2015-03-14;210,1882676;7,98;8,75
2015-03-15;210,775448;8,24;14,35
2015-03-16;269,7700846;9,33;14,05
2015-03-17;258,8972159;10,12;12,08
2015-03-18;235,7647647;10,58;9,24
2015-03-19;226,9142664;8,21;7,56
2015-03-20;233,4197883;9,83;11,02
2015-03-21;186,8047767;9,46;12,07
2015-03-22;200,6434689;9,32;13,77
2015-03-23;222,4044773;10,75;9,17
2015-03-24;222,7125646;11,21;12,71
2015-03-25;236,2063727;11,22;19,57
2015-03-26;219,4775834;11,88;11,92
2015-03-27;201,2734935;11,03;16,11
2015-03-28;157,6797271;10,99;15,31
2015-03-29;149,0818324;11,37;13,67
2015-03-30;175,5133142;12,59;17,74
2015-03-31;165,6300939;13,87;18,4
2015-04-01;166,7932738;12,1;19,66
2015-04-02;169,2459473;10,69;14,27
2015-04-03;165,9779007;10,55;12,49
2015-04-04;163,324144;8,85;9,55
2015-04-05;154,9143101;8,79;18,27
2015-04-06;164,0793529;6,23;14,82
2015-04-07;213,5577402;7,49;16,9
2015-04-08;200,2844031;9,41;14,72
2015-04-09;186,472106;11,24;11,84
2015-04-10;172,1866293;12,19;9,65
2015-04-11;143,698156;12,43;10,13
2015-04-12;126,0684695;13,27;8,42
2015-04-13;148,9588482;14,44;9,45
2015-04-14;144,3888275;14,82;8,84
2015-04-15;137,8868106;15,34;8,66
2015-04-16;131,8188499;15,43;10
2015-04-17;133,8952078;14,67;11,62
2015-04-18;115,96762;13,51;11,82
2015-04-19;114,8274544;11,46;12,74
2015-04-20;137,4416896;12,98;10,46
2015-04-21;133,1568255;14,49;11,79
2015-04-22;132,1280615;15,19;10,02
2015-04-23;133,8927893;14,99;11,34
2015-04-24;131,42763;14,81;10,32
2015-04-25;107,9811196;14,64;8,86
2015-04-26;108,2003423;15,35;9,27
2015-04-27;147,2802241;14,79;14,22
2015-04-28;139,0272243;13,51;16,67
2015-04-29;138,4501625;13,61;11,54
2015-04-30;128,2832496;13,94;10,29
2015-05-01;101,9333906;14,29;13,4
2015-05-02;105,1357783;16,37;11,66
2015-05-03;108,5492814;16,99;9,29
2015-05-04;137,0062019;18,97;9,19
2015-05-05;133,4392267;20,22;10,88
2015-05-06;134,2562849;19,59;9,8
2015-05-07;128,6228008;18,2;10,42
2015-05-08;126,8861613;18,49;9,29
2015-05-09;98,90282491;18,3;11,46
2015-05-10;92,00367556;18,63;11,69
2015-05-11;122,0241141;19,19;11,37
2015-05-12;132,1212241;19,38;10,57
2015-05-13;133,8915033;19,65;10
2015-05-14;126,8799979;19,82;13,52
2015-05-15;126,209321;17,83;16,14
2015-05-16;102,919456;17,16;11,78
2015-05-17;91,3528179;19,05;12,98
2015-05-18;123,5750628;19,77;10,43
2015-05-19;128,599455;18,85;10,56
2015-05-20;132,0732706;17,29;12,19
2015-05-21;130,6093316;15,01;14,08
2015-05-22;123,4953165;14,38;14,84
2015-05-23;100,4868228;14,64;12,06
2015-05-24;93,54924814;15,62;9,75
2015-05-25;121,2446886;16,78;8,91
2015-05-26;129,9163846;15,83;9,96
2015-05-27;124,1312456;16,07;12,51
2015-05-28;119,8954296;16,53;11,83
2015-05-29;116,7381725;17,83;10,15
2015-05-30;95,48826493;18,21;9,31
2015-05-31;90,43283211;18,62;8,62
2015-06-01;101,7771982;19,66;8,58
2015-06-02;92,18558106;19,72;8,52
2015-06-03;123,2534975;22,27;9,39
2015-06-04;129,8606501;23,12;9,63
2015-06-05;128,0674537;23,9;9,95
2015-06-06;100,8156757;23,8;9,59
2015-06-07;91,18494039;23,28;9,26
2015-06-08;128,5499593;22,01;9,58
2015-06-09;133,739541;20,94;9,4
2015-06-10;133,0124205;21,74;9,76
2015-06-11;132,671222;23;9,22
2015-06-12;130,0211645;22,79;10,99
2015-06-13;100,9447046;23,03;12,46
2015-06-14;94,17783842;21,89;13,25
2015-06-15;138,2870518;21,19;9,6
2015-06-16;142,6198046;20,83;10,83
2015-06-17;136,899834;19,66;12,91
2015-06-18;130,609097;19,63;13,9
2015-06-19;127,9979555;20,16;11,58
2015-06-20;97,22029409;19,25;11,38
2015-06-21;88,47671912;19,3;11,32
2015-06-22;125,1768039;20,56;11,41
2015-06-23;125,7899345;20,88;13,84
2015-06-24;124,8926691;20,24;12,01
2015-06-25;126,7691329;20,63;10,92
2015-06-26;118,6270089;21,55;11,38
2015-06-27;97,93505822;22,13;11,39
2015-06-28;92,36648629;22,29;10,19
2015-06-29;128,1834441;22,99;10,07
2015-06-30;135,9143267;23,8;9,36
2015-07-01;145,7657946;24,69;9,68
2015-07-02;158,0478735;25,43;8,96
2015-07-03;151,294151;25,99;9,25
2015-07-04;127,7543489;26,47;9,35
2015-07-05;121,4992441;26,7;8,27
2015-07-06;164,0379591;26,69;8,32
2015-07-07;170,0386378;27,51;8,71
2015-07-08;163,3436128;25,95;11,55
2015-07-09;152,0973645;24,57;13,23
2015-07-10;103,1298515;24,17;11,82
2015-07-11;79,61693267;24,93;9,9
2015-07-12;68,65194508;25,49;9,63
2015-07-13;106,354512;25,19;10,11
2015-07-14;181,6804765;25,85;9,44
2015-07-15;121,8212812;25,46;8,21
2015-07-16;122,8571846;27,5;8,69
2015-07-17;113,7313409;27,96;9
2015-07-18;92,94722557;27,54;8,91
2015-07-19;82,04547312;27,75;9,58
2015-07-20;125,1716327;27,84;9,29
2015-07-21;128,1505782;28,33;9,28
2015-07-22;125,4669403;28,02;9,22
2015-07-23;113,0815401;26,91;9,5
2015-07-24;116,0472207;25,96;9,42
2015-07-25;83,54568864;25,32;11,71
2015-07-26;77,03175219;24,15;11,97
2015-07-27;113,3733023;22,61;10,51
2015-07-28;114,8550439;23,14;11,52
2015-07-29;122,8136717;24,49;11,66
2015-07-30;117,1915869;24,54;11,1
2015-07-31;106,1910211;24,41;11,61
2015-08-01;85,60528465;23,41;9,68
2015-08-02;77,92240944;24,61;8,96
2015-08-03;99,77236604;25,53;9,81
2015-08-04;113,8000006;25,97;10,12
2015-08-05;110,7263804;26,54;9,59
2015-08-06;105,475405;27,71;9,88
2015-08-07;104,3377171;28,07;9,5
2015-08-08;90,37816259;27,36;9,48
2015-08-09;77,18740273;26,04;9,49
2015-08-10;84,2185764;23,98;10,44
2015-08-11;80,08900964;24,16;9,91
2015-08-12;78,15863935;25,66;9,79
2015-08-13;84,66215793;26,7;9,65
2015-08-14;75,96471383;26,69;8,37
2015-08-15;62,63103727;23,39;10,83
2015-08-16;60,42790714;21,49;12,1
2015-08-17;67,77986959;21,62;11,47
2015-08-18;72,04927137;22,1;9,54
2015-08-19;76,136037;21,05;10,16
2015-08-20;75,14648823;21,57;10,31
2015-08-21;74,81849808;19,09;8,89
2015-08-22;67,45828815;21,7;9,98
2015-08-23;66,15793439;21,54;9,75
2015-08-24;86,07236569;22,42;11,46
2015-08-25;88,79808757;22,89;10,96
2015-08-26;94,6026171;22,82;9,22
2015-08-27;96,50400395;20,56;6,66
2015-08-28;94,25792979;24,62;8,34
2015-08-29;75,77060023;25,26;9,03
2015-08-30;77,97539657;25,69;8,44
2015-08-31;148,2334527;25,51;8,62
2015-09-01;160,6964878;24,49;9,39
2015-09-02;155,147838;23,34;9,64
2015-09-03;155,4912828;22,89;9,27
2015-09-04;144,3981679;22,29;9,6
2015-09-05;108,8211894;18,71;10,79
2015-09-06;97,08110326;19,88;10,83
2015-09-07;142,9757298;19,47;10,45
2015-09-08;146,3972394;19,41;11,1
2015-09-09;147,1053195;18,4;11,29
2015-09-10;148,3940098;18,32;11,19
2015-09-11;142,8032302;18,86;8,51
2015-09-12;108,2045066;20,14;9,51
2015-09-13;101,5328469;20,61;10,69
2015-09-14;142,6281191;22,01;14,45
2015-09-15;146,879057;22,09;11,11
2015-09-16;152,3963525;23,28;12,43
2015-09-17;155,4265953;23,99;12,76
2015-09-18;147,9234899;23,13;9,71
2015-09-19;112,3573206;21,18;9,73
2015-09-20;96,38152925;19,39;13,48
2015-09-21;132,9040534;18,75;13,32
2015-09-22;157,1315553;18,37;10,66
2015-09-23;154,6190909;17,26;12,8
2015-09-24;154,8893879;16,3;12,52
2015-09-25;139,4947274;16,99;9,31
2015-09-26;110,2614751;17,32;10,57
2015-09-27;104,5421909;17,19;12,16
2015-09-28;146,4085396;16,62;14,43
2015-09-29;148,0508449;16,19;14,01
2015-09-30;148,7973627;15,75;13,77
2015-10-01;114,8379048;15,17;15,13
2015-10-02;158,0853783;16,49;12,71
2015-10-03;113,9459569;17,27;8,79
2015-10-04;107,7361229;17,65;9,46
2015-10-05;140,6576408;18,26;8,34
2015-10-06;148,1597721;18,72;9,3
2015-10-07;141,8518432;18,24;12,22
2015-10-08;138,3553483;17,3;8,78
2015-10-09;146,8434349;16,58;9,04
2015-10-10;110,2267583;15,82;15,88
2015-10-11;121,6574086;15,57;14,5
2015-10-12;136,1751457;15,23;8,72
2015-10-13;147,4701879;15,98;10,22
2015-10-14;163,334857;16,06;13,39
2015-10-15;171,8163538;14,43;13,45
2015-10-16;171,786146;12,86;10,51
2015-10-17;143,1055364;13,34;7,35
2015-10-18;134,4647092;14,05;7,44
2015-10-19;178,9174141;14,76;9,03
2015-10-20;177,1916782;13,6;9,71
2015-10-21;189,7961935;12,7;12,23
2015-10-22;187,4186431;12,01;14,45
2015-10-23;163,5875738;13,01;13,81
2015-10-24;145,0094791;13,32;10,12
2015-10-25;141,9470921;13,47;6,4
2015-10-26;174,8731107;13,83;7,19
2015-10-27;189,9585476;14,03;7,32
2015-10-28;185,4304306;14,28;8,92
2015-10-29;183,9624958;14;9,84
2015-10-30;171,9883938;13,93;10,7
2015-10-31;144,2018584;13,58;14,62
2015-11-01;137,8561352;12,79;14,6
2015-11-02;190,9069787;12,49;11,05
2015-11-03;207,4110991;12,64;8,29
2015-11-04;195,4756607;13,69;6,96
2015-11-05;193,1053085;13,83;6,12
2015-11-06;181,7688653;13,99;7,54
2015-11-07;147,8781315;14,25;7,96
2015-11-08;137,1363097;14,42;7,34
2015-11-09;178,6611413;14,71;8,83
2015-11-10;191,7391004;14,36;7,41
2015-11-11;194,4130256;13,61;6,04
2015-11-12;204,6605197;13,08;6,14
2015-11-13;205,4663409;12,75;6,1
2015-11-14;168,2250021;12,97;7,92
2015-11-15;159,9713635;12,79;8,78
2015-11-16;212,4765483;12,7;7,07
2015-11-17;222,090125;11,72;7,31
2015-11-18;224,7385073;13,51;9,06
2015-11-19;222,3570105;13,37;8,35
2015-11-20;207,6137625;13,39;13,25
2015-11-21;176,4072498;12,17;21
2015-11-22;188,6116648;8,01;16,13
2015-11-23;269,4897765;7,13;9,75
2015-11-24;275,4159374;7,33;9,6
2015-11-25;295,9984496;6,86;11,98
2015-11-26;297,1237546;6,66;16,6
2015-11-27;283,0397439;6,93;14,4
2015-11-28;254,7363978;6,71;11,55
2015-11-29;239,9987537;7,57;11,74
2015-11-30;294,9773213;9,32;12,14
2015-12-01;291,4074476;10,27;11,52
2015-12-02;292,6653553;9,37;6,2
2015-12-03;298,8944386;8,63;5,79
2015-12-04;303,4525159;8,86;5,97
2015-12-05;245,3494718;9,14;6,13
2015-12-06;229,6189558;9,03;6,97
2015-12-07;258,569027;9,21;7,49
2015-12-08;233,2670731;8,59;7
2015-12-09;296,5831177;8,56;7,35
2015-12-10;295,8721844;7,8;10,37
2015-12-11;305,0190484;6,81;9,74
2015-12-12;259,3285932;7,23;8,36
2015-12-13;237,2879939;6,88;6,48
2015-12-14;306,2779036;7,28;6,34
2015-12-15;306,6326707;7,43;6,77
2015-12-16;293,9392163;8,65;7,83
2015-12-17;296,963601;8,45;8,4
2015-12-18;301,0481688;8,03;6,87
2015-12-19;248,2782494;8,56;6,37
2015-12-20;233,0979416;8,42;7,43
2015-12-21;284,2777418;8,86;7,41
2015-12-22;283,1500017;9,28;7,33
2015-12-23;257,4104977;8,99;7,25
2015-12-24;189,8128715;8,55;6,87
2015-12-25;168,3994543;8,32;7,52
2015-12-26;206,5733139;7,8;7,34
2015-12-27;221,5974043;7,22;6,73
2015-12-28;272,3667949;6,92;6,87
2015-12-29;268,6529139;6,74;7,87
2015-12-30;258,2658491;7,05;9,74
2015-12-31;190,40847;4,48;7,4
2016-01-01;233,5917002;5,86;6,59
2016-01-02;250,993555;6,87;10,14
2016-01-03;242,0713669;7,13;15,59
2016-01-04;286,0538219;7,28;13,55
2016-01-05;284,7053022;8,22;10,78
2016-01-06;256,5395319;7,14;13,12
2016-01-07;306,4297498;6,97;13,81
2016-01-08;299,5990166;9,06;11,28
2016-01-09;245,4251251;10,3;11,64
2016-01-10;221,8504701;10,95;14,77
2016-01-11;269,910379;11,77;20,67
2016-01-12;267,0554149;10,58;21,35
2016-01-13;288,6394881;7,98;17,91
2016-01-14;317,5450684;6,12;11,39
2016-01-15;312,7701024;7,22;15,95
2016-01-16;275,303996;4,36;16,15
2016-01-17;273,2744588;2,64;17,72
2016-01-18;363,9916321;1,08;12,49
2016-01-19;379,4032489;1,7;9,49
2016-01-20;379,7070382;3,32;7,31
2016-01-21;374,0261177;4,26;7,7
2016-01-22;363,8490955;4,03;8,41
2016-01-23;310,7935421;4,62;8,27
2016-01-24;285,0307611;5,37;8,99
2016-01-25;337,9464752;6,72;8,06
2016-01-26;322,991907;8,21;7,94
2016-01-27;313,5160296;8,58;6,93
2016-01-28;298,1616569;9,39;7,19
2016-01-29;282,3579374;9,52;6,83
2016-01-30;235,63977;8,99;9,67
2016-01-31;210,6641453;9,95;15,2
2016-02-01;281,2412909;10,32;11,33
2016-02-02;280,4012215;10,5;9,09
2016-02-03;277,5744929;9,76;12,63
2016-02-04;279,6289359;7,32;18,99
2016-02-05;280,229095;7,35;12,41
2016-02-06;244,5152795;7,13;9,89
2016-02-07;231,7188285;8,5;16,36
2016-02-08;281,5747022;10;14,32
2016-02-09;269,7745844;10,47;17,24
2016-02-10;268,0670328;9,23;24,25
2016-02-11;282,9873359;7,21;12,1
2016-02-12;283,3265446;5,78;10,01
2016-02-13;231,0157261;9,37;15,35
2016-02-14;219,2782444;10,04;15,27
2016-02-15;273,6679764;9,38;12,92
2016-02-16;283,1771501;10;15,75
2016-02-17;291,8662303;9,17;12,11
2016-02-18;279,9329225;8,92;13,87
2016-02-19;261,2959719;8,4;12,13
2016-02-20;222,9352861;7,58;14,84
2016-02-21;202,7868567;9,75;12,77
2016-02-22;259,5829106;10,9;10,03
2016-02-23;243,671552;11,39;12,86
2016-02-24;249,3439587;9,5;11,9
2016-02-25;261,4662251;8,85;11,13
2016-02-26;269,5768546;8,91;9,08
2016-02-27;233,7638729;8,1;15,13
2016-02-28;217,2025324;9,71;19,97
2016-02-29;262,5912841;9,46;18,4
2016-03-01;250,9670765;8,58;13,26
2016-03-02;243,332724;9,09;12,92
2016-03-03;257,8429486;7,5;21,28
2016-03-04;259,4602434;7,29;15,19
2016-03-05;236,439246;8,31;18,07
2016-03-06;226,7016765;8,08;12,93
2016-03-07;283,5711412;6,75;11,76
2016-03-08;298,7391632;6,51;11,2
2016-03-09;294,1410237;6,1;11,25
2016-03-10;268,158876;8,32;9,55
2016-03-11;257,5426981;8,54;12,85
2016-03-12;201,4772655;9,22;14,88
2016-03-13;195,0547645;8,02;15,1
2016-03-14;245,1164682;9,33;14,85
2016-03-15;260,5014935;7,82;9,73
2016-03-16;281,3601859;7,37;13,81
2016-03-17;258,0076118;8,82;11,58
2016-03-18;235,7123393;9,35;9,18
2016-03-19;186,7780457;10,04;8,98
2016-03-20;174,1030367;10,43;9,57
2016-03-21;210,1234471;11,97;12,17
2016-03-22;209,4501834;12,16;15,05
2016-03-23;216,7920892;10,04;21,72
2016-03-24;213,5996201;9,25;14,36
2016-03-25;199,9894138;9,25;11,67
2016-03-26;178,8482469;10,3;9,18
2016-03-27;154,6478001;10,38;10,32
2016-03-28;171,4438032;11,42;11,93
2016-03-29;191,9154949;12,91;11,81
2016-03-30;186,3558892;13,63;11,31
2016-03-31;174,5362662;15,03;13,61
2016-04-01;173,8719207;14,4;12,64
2016-04-02;150,4896542;13,34;12,03
2016-04-03;143,4238842;14,58;9,4
2016-04-04;174,0933415;14,88;9,7
2016-04-05;168,205299;15,18;10,34
2016-04-06;157,1008528;15,31;9,43
2016-04-07;154,5328839;14,69;10,85
2016-04-08;158,0642016;13,11;12,85
2016-04-09;139,8269974;11,63;12,57
2016-04-10;131,4045686;12,27;11,78
2016-04-11;151,1838632;13,87;10,69
2016-04-12;147,6683641;15,3;10,48
2016-04-13;144,633344;16,1;12,17
2016-04-14;144,2968836;14,99;12,16
2016-04-15;143,1921397;14,48;10,78
2016-04-16;122,0096512;15,74;13,18
2016-04-17;117,1412445;16,35;13,56
2016-04-18;141,1972799;15,79;12,26
2016-04-19;137,0317654;14,52;14,62
2016-04-20;131,8224245;14,54;14,13
2016-04-21;142,4049411;14,88;10,23
2016-04-22;136,9313258;15,2;9,03
2016-04-23;118,3795918;13,87;11,96
2016-04-24;106,0749969;12,08;18,41
2016-04-25;120,7218;9,72;19,16
2016-04-26;164,6486852;10,89;15,02
2016-04-27;163,7104761;12,19;15,64
2016-04-28;175,6203795;11,72;10,97
2016-04-29;159,9731113;13,48;10,36
2016-04-30;137,7536856;12,67;8,51
2016-05-01;133,3182337;11,66;13,21
2016-05-02;168,5210794;12,24;13,29
2016-05-03;153,1036801;14,38;15,49
2016-05-04;150,2473523;14,57;14,5
2016-05-05;155,6182169;14,38;11,91
2016-05-06;148,4711715;13,87;10,02
2016-05-07;118,8336565;15,94;10,2
2016-05-08;109,8557475;16,18;10,83
2016-05-09;146,7354679;16,78;10,56
2016-05-10;148,2327774;17,47;12
2016-05-11;158,9314017;16,75;12,2
2016-05-12;143,5451264;15,84;14,04
2016-05-13;135,2179585;15,48;16,09
2016-05-14;107,4934684;15,46;14,79
2016-05-15;101,1919339;14,68;14,81
2016-05-16;138,8481799;13,68;13,12
2016-05-17;145,4268113;14,39;9,88
2016-05-18;143,6208195;15,16;9,86
2016-05-19;146,7617964;14,64;13,42
2016-05-20;131,1018512;15,6;13,35
2016-05-21;100,0148641;17,81;13,11
2016-05-22;100,9584726;18,16;10,13
2016-05-23;126,3386398;16,39;17,18
2016-05-24;131,9574671;14,5;14,41
2016-05-25;134,428618;16,96;9,73
2016-05-26;136,8665127;19,08;9,09
2016-05-27;130,5210193;20,94;9,34
2016-05-28;102,7987212;20,85;9,36
2016-05-29;98,1996143;19,52;13,13
2016-05-30;122,0551868;18,71;13,45
2016-05-31;126,9770821;18,3;11,95
2016-06-01;129,4112608;17,42;9,97
2016-06-02;99,9735889;17,35;10,29
2016-06-03;110,1980406;18;8,79
2016-06-04;102,7712919;18,53;8,47
2016-06-05;101,2768872;19;8,39
2016-06-06;131,759431;20,08;9,15
2016-06-07;134,2355989;20,7;9,79
2016-06-08;134,359229;20,33;9,16
2016-06-09;131,0542944;19,18;10,29
2016-06-10;127,461406;19,68;9,15
2016-06-11;104,4857935;19,77;10,44
2016-06-12;98,05795376;19,64;12,1
2016-06-13;128,533685;19,62;12,72
2016-06-14;127,6494392;19,46;12,61
2016-06-15;126,5507571;20,34;13,66
2016-06-16;128,1858615;21,78;16,72
2016-06-17;122,7350408;20,99;15,08
2016-06-18;97,34137445;20,04;11
2016-06-19;98,00181791;18,3;12,07
2016-06-20;129,0493312;19,31;10,04
2016-06-21;130,9811016;20,86;10,3
2016-06-22;132,4385092;23,19;10,24
2016-06-23;134,4101012;25,02;11,11
2016-06-24;132,8385572;25,9;10,47
2016-06-25;104,5512267;24,74;10,83
2016-06-26;96,73481288;23,63;10,03
2016-06-27;135,1080469;22,91;12,55
2016-06-28;136,7848888;22,67;11,82
2016-06-29;142,4851131;23,23;9,92
2016-06-30;145,2884967;23,6;9,55
2016-07-01;141,7102268;24,28;8,5
2016-07-02;106,8162079;23,97;9,38
2016-07-03;96,42234712;23,58;11,25
2016-07-04;143,6059183;23,83;10,42
2016-07-05;151,7074736;24,49;9,49
2016-07-06;152,4261853;24,15;9,93
2016-07-07;154,4772768;24,42;10,23
2016-07-08;148,4930435;24,87;9,69
2016-07-09;113,1741488;25,56;9,08
2016-07-10;108,6305903;26,21;8,97
2016-07-11;155,8155168;26,72;9,17
2016-07-12;156,8693757;25,47;9,27
2016-07-13;148,2367267;24,22;13,08
2016-07-14;137,3698284;21,39;15,81
2016-07-15;124,1386086;19,43;18,64
2016-07-16;94,07027543;19,65;16,04
2016-07-17;89,27433551;21,22;12,61
2016-07-18;134,5425128;23,66;11,14
2016-07-19;144,36082;24,92;11,08
2016-07-20;150,9742054;25,46;10,66
2016-07-21;155,3490871;25,29;9,15
2016-07-22;146,9168589;24,92;9,68
2016-07-23;111,2983254;24,56;9,54
2016-07-24;101,9256129;24,22;10,49
2016-07-25;144,8609907;24,42;10,56
2016-07-26;150,8041346;24,76;10,55
2016-07-27;151,6221663;24,43;8,99
2016-07-28;149,6611125;23,9;9,28
2016-07-29;143,1465976;24,5;9,4
2016-07-30;110,8366857;25,37;9,54
2016-07-31;97,55749582;24,65;10,11
2016-08-01;136,0609512;24,33;11,98
2016-08-02;137,7270295;23,62;11,33
2016-08-03;136,6418507;24,72;10,77
2016-08-04;136,4487834;25,08;9,54
2016-08-05;121,1912281;23,17;11,6
2016-08-06;98,00002739;22,49;13,79
2016-08-07;84,49077353;22,87;14,93
2016-08-08;103,229282;23,61;11,43
2016-08-09;105,0414687;22,94;10,31
2016-08-10;98,61459653;21,46;13,03
2016-08-11;89,68446664;20,79;13,13
2016-08-12;85,94119362;20,54;13,53
2016-08-13;82,10079224;21,83;12
2016-08-14;80,70951339;22,87;9,18
2016-08-15;79,75610417;23,34;8,77
2016-08-16;91,95864851;23,59;8,89
2016-08-17;98,9334684;23,12;9,42
2016-08-18;104,7092903;22,85;8,89
2016-08-19;103,6253002;23,3;8,38
2016-08-20;101,606096;23,64;8,82
2016-08-21;92,43271086;23,25;10,17
2016-08-22;112,8925552;22,43;14,01
2016-08-23;119,2764341;22,46;15,25
2016-08-24;124,9887115;23,53;13,52
2016-08-25;135,24235;24,28;11,77
2016-08-26;136,2591612;24,4;9,9
2016-08-27;122,3611996;24,4;8,57
2016-08-28;113,5327592;24,33;8,5
2016-08-29;155,5781779;23,75;9,11
2016-08-30;161,2131611;23,14;9,34
2016-08-31;159,7561263;23,22;9,11
2016-09-01;156,8737999;23,18;8,76
2016-09-02;154,732092;23,56;9,52
2016-09-03;130,9539814;23,77;9,07
2016-09-04;121,5640099;23,54;9,24
2016-09-05;161,3154382;22,68;12,44
2016-09-06;160,7629553;21,04;15,85
2016-09-07;169,683796;20,47;12,72
2016-09-08;159,0276835;21,45;10,72
2016-09-09;160,1042732;22,32;9,72
2016-09-10;131,5915889;22,3;8,52
2016-09-11;120,1009819;22,01;8,15
2016-09-12;161,7525185;22,57;8,6
2016-09-13;168,1157119;22,68;8,08
2016-09-14;168,6685639;22,41;7,92
2016-09-15;167,2789574;21,49;9,27
2016-09-16;157,9729865;20,48;10,53
2016-09-17;117,8090064;19,91;12,39
2016-09-18;112,6290564;18,34;10,93
2016-09-19;156,8064639;18,62;12,77
2016-09-20;162,726705;18,91;10,35
2016-09-21;165,8779481;15,61;10,05
2016-09-22;167,1335678;17,8;9,55
2016-09-23;160,5235274;17,86;7,73
2016-09-24;126,8458713;18,06;8,13
2016-09-25;119,381994;17,96;8,58
2016-09-26;168,0503001;18,21;8,5
2016-09-27;170,7137348;18,4;8,81
2016-09-28;165,9719291;18,44;9,85
2016-09-29;168,1897501;18,68;8,84
2016-09-30;162,8221642;18,65;8,94
2016-10-01;121,4547134;18,69;9,52
2016-10-02;112,1761912;18,52;9,65
2016-10-03;158,7252404;18,11;9,9
2016-10-04;161,2115344;16,72;10,99
2016-10-05;162,5267459;15,24;12,9
2016-10-06;170,2719449;13,91;10,46
2016-10-07;163,0797253;14,71;12,66
2016-10-08;138,2259222;14,41;9,63
2016-10-09;131,2610817;14,45;10,14
2016-10-10;191,5518775;13,69;11,46
2016-10-11;205,6190668;12,23;11,69
2016-10-12;209,1848437;12,05;10,7
2016-10-13;225,2870092;12,96;13,65
2016-10-14;214,1230456;16,58;16,62
2016-10-15;161,3106845;17,21;11,37
2016-10-16;141,6867395;16,1;9,19
2016-10-17;204,7548871;15,87;7,05
2016-10-18;203,1246167;15,5;7,05
2016-10-19;203,8727745;14,69;9,06
2016-10-20;208,0735808;13,21;9,64
2016-10-21;204,5356657;13,49;9,47
2016-10-22;175,8528974;12,78;7,77
2016-10-23;169,2122615;14,02;9,06
2016-10-24;214,6517242;16,72;10,49
2016-10-25;210,1195359;17,46;8,12
2016-10-26;206,0162085;16,96;7,68
2016-10-27;192,1359826;15,39;14,3
2016-10-28;190,017497;13,06;15,37
2016-10-29;163,5754074;12,96;11,74
2016-10-30;147,8721026;13,3;10,11
2016-10-31;185,8962039;12,76;10,03
2016-11-01;169,5743072;12,07;7,77
2016-11-02;219,2235957;13,42;10,03
2016-11-03;229,4839221;13,27;10,67
2016-11-04;229,4664274;12,48;7,9
2016-11-05;194,168953;14,01;13,93
2016-11-06;170,9125189;14,49;17,66
2016-11-07;236,6760914;11,63;10,9
2016-11-08;255,0073029;9,89;11,4
2016-11-09;270,6086759;8,42;13,9
2016-11-10;270,8324802;9,95;13,9
2016-11-11;270,3634293;9,17;14,45
2016-11-12;240,191557;8,63;14,42
2016-11-13;231,7881638;7,94;8,83
2016-11-14;294,3263395;8,4;11,23
2016-11-15;302,5377033;8,3;11,23
2016-11-16;302,3604923;9,17;9,24
2016-11-17;296,3774918;10,7;8,72
2016-11-18;277,6673145;12,38;11,49
2016-11-19;227,4398399;12,41;12,12
2016-11-20;209,1079032;11,95;9,98
2016-11-21;258,4343807;13,11;11,34
2016-11-22;248,0167293;13,77;10,27
2016-11-23;240,4397355;13,89;11,56
2016-11-24;238,2379904;13,24;13,03
2016-11-25;231,1210291;12,64;10,24
2016-11-26;194,8524598;11,54;7,16
2016-11-27;195,9445799;8,62;3,51
2016-11-28;272,6543952;9,54;12,02
2016-11-29;309,3759978;5,43;18,78
2016-11-30;328,2660089;5,02;13,08
2016-12-01;331,6324034;6,35;9,35
2016-12-02;311,2726632;7,94;10,29
2016-12-03;274,8768551;7,82;8,43
2016-12-04;247,2410066;7,93;8,7
2016-12-05;310,2545002;8,25;8,94
2016-12-06;323,2379357;8,21;8,68
2016-12-07;322,7023863;7,38;11,56
2016-12-08;286,3829896;7,04;8,77
2016-12-09;316,9762264;6,93;6,82
2016-12-10;288,6566772;7,07;7,05
2016-12-11;268,4153074;6,32;7,26
2016-12-12;340,4749437;8,31;10,07
2016-12-13;348,9556639;6,68;9,16
2016-12-14;355,8968675;6,5;6,92
2016-12-15;354,5791387;6,67;8,64
2016-12-16;345,4944197;6,08;12,59
2016-12-17;309,8695934;5,26;12,66
2016-12-18;305,6324611;4,66;7,56
2016-12-19;367,5841858;5,98;13,47
2016-12-20;340,3504667;7,9;15,02
2016-12-21;313,5593721;8,33;11,6
2016-12-22;313,2462121;7,08;8,79
2016-12-23;294,941356;7,29;9,05
2016-12-24;255,9509827;5,5;8,99
2016-12-25;221,0616143;7,93;9,15
2016-12-26;236,6956796;8,52;8,05
2016-12-27;261,993934;7,91;9,28
2016-12-28;268,5980774;7,08;14,4
2016-12-29;285,5026834;4,78;17,05
2016-12-30;293,6597736;3,38;12,73
2016-12-31;288,9936876;2,12;7,49
2017-01-01;268,4589852;3,62;7,04
2017-01-02;310,6176213;5,3;8,8
2017-01-03;324,3233709;5,97;13,44
2017-01-04;326,5509063;5,09;12,5
2017-01-05;330,4731648;4,21;20,17
2017-01-06;327,5990032;-0,9;20,25
2017-01-07;348,9041447;-2,13;15,58
2017-01-08;356,503325;0,42;11,67
2017-01-09;406,7352202;1,48;12,24
2017-01-10;419,6732454;1,15;11,6
2017-01-11;418,4822929;1,29;12,43
2017-01-12;400,4143141;4,35;11,43
2017-01-13;370,4670892;6,6;21,65
2017-01-14;337,1017113;3,85;14,24
2017-01-15;329,9494011;2,45;13,99
2017-01-16;394,7484919;2,08;16,23
2017-01-17;398,1129671;2,33;21,7
2017-01-18;390,2829355;2,87;19,02
2017-01-19;381,8257561;3,11;13,76
2017-01-20;374,8196394;3,23;11,71
2017-01-21;342,7898602;4,13;14,93
2017-01-22;318,8840162;4,82;14,21
2017-01-23;371,6688563;4,93;10,97
2017-01-24;359,7232166;4,81;10,53
2017-01-25;363,6732856;4,37;10,83
2017-01-26;379,0113163;3,81;9,8
2017-01-27;372,8222751;4,14;9,31
2017-01-28;328,8221112;4,67;8,65
2017-01-29;307,2418848;4,87;8,17
2017-01-30;369,2139396;5,3;7,55
2017-01-31;360,3846228;7,08;8,65
2017-02-01;340,2109103;8,42;9,8
2017-02-02;324,6352035;9,15;10,97
2017-02-03;296,4779589;10,13;14,15
2017-02-04;252,6101631;9,73;15,69
2017-02-05;249,0592993;8,66;12,99
2017-02-06;308,047102;8;16,89
2017-02-07;303,9984519;7,77;10,36
2017-02-08;318,5332678;6,93;10,31
2017-02-09;326,7908541;6,4;15,16
2017-02-10;327,5697378;6,93;10,42
2017-02-11;272,3587252;7,17;8,44
2017-02-12;243,30025;7,96;10,09
2017-02-13;311,5353669;8,02;11,71
2017-02-14;306,4576589;8,11;10,83
2017-02-15;302,5188161;7,98;8,48
2017-02-16;297,5653487;8,23;7,2
2017-02-17;288,907975;8,31;8,26
2017-02-18;248,9395245;7,89;9,87
2017-02-19;249,1711382;6,99;9,88
2017-02-20;313,6049331;7,39;8,92
2017-02-21;308,2934429;8,35;10,16
2017-02-22;296,2287116;9,44;10,43
2017-02-23;288,7464605;10,2;10,75
2017-02-24;280,4307927;10,55;14,41
2017-02-25;230,7253823;9,04;15,06
2017-02-26;221,21721;8,9;9,6
2017-02-27;272,6751862;9,87;9,95
2017-02-28;270,2812463;10,38;16,81
2017-03-01;253,7114615;10,04;18,14
2017-03-02;255,064159;10;12
2017-03-03;256,3037154;9,99;9,36
2017-03-04;218,7934403;10,96;18,89
2017-03-05;201,2935221;9,93;14,69
2017-03-06;246,9730021;10,44;16,6
2017-03-07;250,8904275;9,4;22,6
2017-03-08;236,4843956;9,53;17,65
2017-03-09;225,6974268;11,03;12,57
2017-03-10;205,8033931;11,77;15,34
2017-03-11;179,7277053;9,72;16,05
2017-03-12;189,0117337;9,19;10,21
2017-03-13;236,5910121;9,33;11,33
2017-03-14;231,5591348;10,18;10,6
2017-03-15;226,1150597;10,53;10,23
2017-03-16;214,340811;11,16;10,07
2017-03-17;203,8018045;12,06;10,75
2017-03-18;166,7688794;12,23;15,77
2017-03-19;160,2354246;13,05;12,75
2017-03-20;203,8975517;13,11;9,38
2017-03-21;207,3532131;12,83;8,79
2017-03-22;211,4369246;12,29;8,9
2017-03-23;205,9590384;13,1;10,17
2017-03-24;197,720253;13,18;9,99
2017-03-25;159,5826899;13,44;10,77
2017-03-26;158,2280286;11,49;11,84
2017-03-27;201,1222258;10,82;12,27
2017-03-28;199,580519;11,55;10,38
2017-03-29;184,3397945;12,96;10,02
2017-03-30;170,5518506;14,57;10,32
2017-03-31;166,3400083;14,78;9,26
2017-04-01;146,5140995;13,77;11,55
2017-04-02;147,8366639;12,81;13,48
2017-04-03;180,2758406;13,19;10,52
2017-04-04;181,0335667;13,5;10,17
2017-04-05;191,1154419;12,73;10,59
2017-04-06;183,5794261;12,32;10,34
2017-04-07;174,7982264;12,53;10,51
2017-04-08;144,7865486;13,46;9,42
2017-04-09;133,257713;14,4;8,65
2017-04-10;163,153568;15,27;9,32
2017-04-11;162,932017;14,62;9,86
2017-04-12;161,4446065;14,68;9,84
2017-04-13;157,2120943;15,16;10,82
2017-04-14;137,7916217;15,02;9,76
2017-04-15;121,1885711;14,85;11,12
2017-04-16;104,0664996;14,02;12,72
2017-04-17;113,9799475;12,83;13,46
2017-04-18;170,314944;11,3;16,62
2017-04-19;182,7230926;9,13;17,92
2017-04-20;194,9119942;8,41;15,21
2017-04-21;189,6918337;8,96;12,43
2017-04-22;156,0051649;11,01;12,18
2017-04-23;135,3155283;12,21;11,35
2017-04-24;156,872181;13,14;10,17
2017-04-25;141,3958212;13,88;14
2017-04-26;179,661041;13,78;16,01
2017-04-27;179,7600078;14,22;13,93
2017-04-28;174,4666487;12,76;15,79
2017-04-29;148,1014606;12,09;11,84
2017-04-30;126,8182222;13;12,32
2017-05-01;137,7155025;12,8;12,42
2017-05-02;180,7089284;13,58;11,1
2017-05-03;186,013411;14,18;9,18
2017-05-04;183,3894268;14,21;9,17
2017-05-05;165,0875729;15,53;9,84
2017-05-06;144,8351783;15,25;12,49
2017-05-07;129,6487375;15,35;15,22
2017-05-08;162,5403135;14,99;12,96
2017-05-09;163,6218405;14,71;12,06
2017-05-10;159,9370097;15,03;11,14
2017-05-11;162,3454937;17,04;14,56
2017-05-12;155,4589143;18,33;11,69
2017-05-13;120,5167691;18,48;11,28
2017-05-14;109,3661135;18,45;9,69
2017-05-15;142,4465625;18,55;10,86
2017-05-16;139,6619998;19,02;11,96
2017-05-17;139,255201;20,15;11,74
2017-05-18;147,9844063;19,95;10,24
2017-05-19;139,8420841;18,44;12,74
2017-05-20;108,0163215;16,73;13,92
2017-05-21;96,49039532;17,31;14,49
2017-05-22;141,3222127;19,33;10,16
2017-05-23;150,908623;19,86;9,02
2017-05-24;152,2554447;20,04;9,84
2017-05-25;144,9294186;18,97;11,87
2017-05-26;132,4324371;19,31;12,39
2017-05-27;105,2673499;18,97;10,13
2017-05-28;98,63590425;21,53;10,87
2017-05-29;142,5819787;20,98;9,4
2017-05-30;142,7560226;21,78;9,88
2017-05-31;149,3145377;21,66;10,23
2017-06-01;147,6201639;21,55;9,23
2017-06-02;111,266133;21,48;8,82
2017-06-03;114,2139906;21,74;9,38
2017-06-04;108,0370246;21,24;10,85
2017-06-05;150,1043646;18,4;8,27
2017-06-06;147,961266;20,33;11,76
2017-06-07;144,6065768;20,04;13,61
2017-06-08;147,8214868;20,07;11,68
2017-06-09;146,6540826;21,08;10,32
2017-06-10;113,895005;21,64;8,75
2017-06-11;100,8440417;23,11;11,43
2017-06-12;152,9629446;23,16;10,02
2017-06-13;159,6841013;23,88;8,98
2017-06-14;161,4812886;23,94;9,34
2017-06-15;164,8495615;24,16;9,21
2017-06-16;157,9683941;24,26;10,06
2017-06-17;119,7229325;23,71;11,71
2017-06-18;100,7685833;22,7;15,28
2017-06-19;153,9142409;23,39;11,8
2017-06-20;164,1419855;24,54;9,95
2017-06-21;170,6301478;24,88;9,75
2017-06-22;174,86693;25,68;9,77
2017-06-23;169,0642265;26,19;11,24
2017-06-24;134,1947867;26,12;10,15
2017-06-25;115,0445461;24,86;11,15
2017-06-26;159,6367752;25,06;10,07
2017-06-27;161,1067215;26,81;13,25
2017-06-28;156,825325;24,68;14,99
2017-06-29;144,0738072;23,33;16,29
2017-06-30;147,7021018;22,4;13,58
2017-07-01;105,7053169;21,48;13,83
2017-07-02;94,27346088;21,29;13,98
2017-07-03;146,1483667;21,09;11,73
2017-07-04;155,1252102;23,52;10,81
2017-07-05;165,1823097;24,78;9,97
2017-07-06;167,2175411;25,93;9,55
2017-07-07;164,3574067;26,54;10,14
2017-07-08;124,8841583;26,62;9,19
2017-07-09;114,0020011;25,99;10
2017-07-10;160,8964255;26,14;11,83
2017-07-11;166,4157988;25,66;11,09
2017-07-12;167,6760775;26,12;11,87
2017-07-13;168,8578033;25,84;12,5
2017-07-14;160,272542;24,19;13,39
2017-07-15;116,7494144;23,72;13,17
2017-07-16;93,2815223;22,85;16,15
2017-07-17;148,8565324;23,12;14,07
2017-07-18;165,3984515;24,4;10,63
2017-07-19;168,8540336;24,72;10,09
2017-07-20;169,3672408;24,9;11,08
2017-07-21;162,1080439;25,07;10,55
2017-07-22;124,8140375;25,88;10,33
2017-07-23;118,6133613;25,88;11,34
2017-07-24;159,7464249;24,47;14,83
2017-07-25;152,4743546;22,4;16,4
2017-07-26;157,3469654;21,62;14,37
2017-07-27;162,8245637;22,75;12,11
2017-07-28;160,5842791;23,93;11,49
2017-07-29;130,443229;24,61;9,25
2017-07-30;112,5737267;25,22;9,47
2017-07-31;162,0008122;26,62;10,06
2017-08-01;169,4134766;28,12;10,8
2017-08-02;171,5362973;28,38;9,21
2017-08-03;165,2374342;29,22;9,61
2017-08-04;155,7396183;29,07;9,4
2017-08-05;126,5964457;28,61;9,61
2017-08-06;112,5820149;27,05;10,97
2017-08-07;135,4093358;26,31;11,84
2017-08-08;137,0541762;26,27;10,69
2017-08-09;132,7573987;26,91;10,64
2017-08-10;126,0957925;25,62;11,7
2017-08-11;102,1884381;22,91;15,41
2017-08-12;84,58405755;21,36;15,05
2017-08-13;77,34391188;22,54;12,91
2017-08-14;89,63721676;23,77;10,91
2017-08-15;81,83648362;24,35;10,46
2017-08-16;106,1265987;25,04;9,91
2017-08-17;110,277629;25,85;9,9
2017-08-18;112,9038619;26,05;9,61
2017-08-19;99,09006252;24,6;10,48
2017-08-20;89,98414048;23,29;13,53
2017-08-21;114,1118402;22,45;13,35
2017-08-22;125,5125018;22,03;11,25
2017-08-23;132,8943229;22,93;9,05
2017-08-24;136,8040445;23,77;8,95
2017-08-25;139,823505;24,61;9,06
2017-08-26;121,193096;25,39;9,11
2017-08-27;114,4809483;25,5;8,99
2017-08-28;159,1519135;25,79;9,35
2017-08-29;159,2892751;25,07;10,77
2017-08-30;164,3158058;21,71;7,99
2017-08-31;164,885174;24,03;9,96
2017-09-01;154,8450399;22,52;12,05
2017-09-02;112,6406293;20,29;14,89
2017-09-03;103,2643834;19,07;14,76
2017-09-04;157,6678906;19,63;9,07
2017-09-05;162,8811329;21,24;9,51
2017-09-06;163,1047991;21,72;10,41
2017-09-07;161,9604855;20,96;11,93
2017-09-08;154,6231317;20,06;10,9
2017-09-09;111,2758456;19,61;12,43
2017-09-10;102,2457052;18,54;15,19
2017-09-11;136,999441;18,87;18,27
2017-09-12;140,9081737;19,38;16,17
2017-09-13;150,4013845;19,33;12,33
2017-09-14;149,7437328;19,4;13,37
2017-09-15;152,3154517;18,69;10,32
2017-09-16;113,7054733;19,02;11,23
2017-09-17;97,26876838;18,32;13,07
2017-09-18;153,7564154;17,24;9,97
2017-09-19;152,8863833;15,94;13,88
2017-09-20;150,8790212;15,53;14,25
2017-09-21;157,6267243;15,83;9,9
2017-09-22;153,6641412;16,83;8,6
2017-09-23;120,4057519;17,61;7,87
2017-09-24;116,2150001;17,28;8,72
2017-09-25;157,662426;16,92;9,03
2017-09-26;161,2385634;17,11;9,29
2017-09-27;158,7507981;17,74;9,64
2017-09-28;154,6105624;17,96;10,24
2017-09-29;152,7282065;19,58;11,33
2017-09-30;126,5177091;16,89;9,06
2017-10-01;120,4399982;16,15;7,49
2017-10-02;157,4289657;17,05;8,34
2017-10-03;162,142683;17,1;9,39
2017-10-04;163,4916633;17,38;8,76
2017-10-05;158,5328762;18,2;10,35
2017-10-06;149,4084805;16,77;15,02
2017-10-07;119,2157962;14,27;15,97
2017-10-08;117,180228;14,57;11,2
2017-10-09;166,2224584;15,3;9,05
2017-10-10;171,8685466;15,67;8,87
2017-10-11;175,5424635;16,01;8
2017-10-12;175,0976333;16,39;8,1
2017-10-13;166,4558269;16,4;7,91
2017-10-14;131,7126834;16,3;8,23
2017-10-15;124,3738041;16,66;8,13
2017-10-16;174,3727674;16,91;7,1
2017-10-17;181,1497754;16,45;6,6
2017-10-18;184,0938972;15,89;7,06
2017-10-19;187,2841521;15,87;7,96
2017-10-20;187,2407039;16,05;8,11
2017-10-21;152,1850269;16,31;8,47
2017-10-22;138,1959491;15,5;14,22
2017-10-23;180,4996506;13,24;18,65
2017-10-24;185,9262624;13,73;17,31
2017-10-25;189,8951609;14,61;12,94
2017-10-26;203,0981308;14,58;8,43
2017-10-27;192,2025926;14,53;11,73
2017-10-28;164,417913;13,1;14,13
2017-10-29;158,9386269;13,57;16,95
2017-10-30;205,3069911;13,22;12,99
2017-10-31;209,219354;11,84;10,35
2017-11-01;180,2913037;11,66;8,55
2017-11-02;227,5155837;12,31;8,27
2017-11-03;220,2823827;13,4;7,48
2017-11-04;187,6555061;13,23;8,79
2017-11-05;177,0901241;13,2;14,58
2017-11-06;245,7763773;11,23;16,58
2017-11-07;262,8441076;10,18;13,61
2017-11-08;260,0383685;10,53;10,22
2017-11-09;266,2507206;10,65;8,24
2017-11-10;259,1557525;10,85;9,85
2017-11-11;219,7699606;10,78;9,62
2017-11-12;205,8736245;11,6;13,13
2017-11-13;277,7507838;9,43;19,76
2017-11-14;289,9824118;8,23;15,98
2017-11-15;293,1651035;8,85;14,48
2017-11-16;286,597957;9,27;12,05
2017-11-17;276,6977963;9,67;11,66
2017-11-18;246,4332896;9,37;10,87
2017-11-19;241,9366791;8,59;11,07
2017-11-20;300,0784145;8,16;10,87
2017-11-21;300,7224025;9,35;9,37
2017-11-22;298,7837281;10,23;7,81
2017-11-23;290,4483923;10,67;8,24
2017-11-24;289,3453798;10,53;7,76
2017-11-25;237,8750576;11,03;12,53
2017-11-26;231,5875738;9,08;18,47
2017-11-27;310,4902537;6,31;15,24
2017-11-28;336,7813985;5,86;10,67
2017-11-29;329,7821191;7,59;13,19
2017-11-30;329,8191007;7,87;14,46
2017-12-01;348,7704816;5,52;9,83
2017-12-02;309,1731363;5,38;15,18
2017-12-03;304,1000113;4,54;11,52
2017-12-04;368,4464733;4,58;10,92
2017-12-05;364,8202158;5,25;9,93
2017-12-06;353,722964;5,86;8,11
2017-12-07;337,3714724;6,47;8,61
2017-12-08;280,5243918;7,94;15,46
2017-12-09;288,438997;5,4;19,36
2017-12-10;303,5415888;4,23;15,48
2017-12-11;342,9186132;9,87;22,28
2017-12-12;326,5451055;10,61;16,52
2017-12-13;308,841886;7,82;12,45
2017-12-14;319,9143611;8,7;17,43
2017-12-15;326,1814222;9,39;17,83
2017-12-16;297,4823054;6,87;13,28
2017-12-17;284,9913854;4,86;14,31
2017-12-18;370,5256565;3,36;11,44
2017-12-19;377,9112277;3,03;10,14
2017-12-20;375,2379045;3,2;10,54
2017-12-21;361,5356316;3,87;14,26
2017-12-22;330,8033817;5,74;14,34
2017-12-23;280,5758193;6,86;12,7
2017-12-24;259,4905556;6,87;9,28
2017-12-25;238,8415839;6,76;7,37
2017-12-26;242,4079276;7,43;10,87
2017-12-27;269,6945538;8,02;19,29
2017-12-28;275,6613789;6,12;21,36
2017-12-29;279,6699823;4,51;14,38
2017-12-30;264,183675;6,31;12,68
2017-12-31;250,1509025;7,85;10,41
2018-01-01;237,0388641;8,52;18,66
2018-01-02;270,3925418;7,8;19,14
2018-01-03;283,9865761;8,3;17,53
2018-01-04;271,8503412;7,64;12,98
2018-01-05;271,0287968;10,01;12,55
2018-01-06;226,7834553;10,02;12,01
2018-01-07;224,7913001;10,56;15,52
2018-01-08;274,597001;11,4;17,56
2018-01-09;271,3026466;10,64;13,84
2018-01-10;279,8989236;8,29;9,71
2018-01-11;294,3589685;7,41;9,07
2018-01-12;297,6879771;7,3;12,18
2018-01-13;259,6487469;6,82;11,4
2018-01-14;262,9903081;5,75;8,38
2018-01-15;326,1037756;6,14;8,32
2018-01-16;309,7108405;8,38;18,53
2018-01-17;307,3039636;8,78;26,08
2018-01-18;309,669041;6,01;15,88
2018-01-19;302,8893263;8,31;14,97
2018-01-20;257,2527782;7,23;12,94
2018-01-21;231,9388307;8,58;17,83
2018-01-22;311,566182;7,74;13,61
2018-01-23;316,2890403;7,98;11,25
2018-01-24;319,2848307;7,47;9,74
2018-01-25;319,9953431;7,46;8,38
2018-01-26;318,1014899;7,84;9,42
2018-01-27;261,8437808;8,48;7,71
2018-01-28;246,672517;8,36;8,18
2018-01-29;316,2942763;7,8;7,84
2018-01-30;321,7244481;7,82;8
2018-01-31;315,6880078;7,88;8,93
2018-02-01;302,5934183;8,51;15,61
2018-02-02;291,2960227;8,58;15,05
2018-02-03;264,6509447;6,66;18,82
2018-02-04;262,1687242;5,13;9,19
2018-02-05;331,0658075;5,41;11
2018-02-06;339,5809277;6,33;12,81
2018-02-07;331,3480566;6,37;13,22
2018-02-08;325,0647623;6,35;9,43
2018-02-09;313,7544406;5,82;7,8
2018-02-10;258,941885;5,58;15,14
2018-02-11;255,3521315;5,32;13,41
2018-02-12;329,8561362;5,62;12,19
2018-02-13;334,0023082;4,55;14,09
2018-02-14;343,275587;3,61;11,99
2018-02-15;337,807494;4,23;13,46
2018-02-16;333,4920672;6,49;8,22
2018-02-17;280,7720086;7,15;8,02
2018-02-18;264,5843187;6,98;12,56
2018-02-19;338,6065846;6,17;10,6
2018-02-20;340,054478;5,17;10,16
2018-02-21;337,2389321;4,91;14,56
2018-02-22;342,305177;4,85;15,3
2018-02-23;338,4183405;5,68;17,36
2018-02-24;278,4567499;6,5;15,78
2018-02-25;295,8735236;3,07;17,46
2018-02-26;380,086292;-0,38;20,02
2018-02-27;394,8612006;-1,26;13,12
2018-02-28;400,7394762;-0,67;12,13
2018-03-01;384,5304688;3,42;15,84
2018-03-02;344,7277622;6,69;16,12
2018-03-03;296,1496902;7,03;14,84
2018-03-04;274,8765402;7,74;11,02
2018-03-05;321,8033733;7,87;12,31
2018-03-06;310,1069957;8,44;13,59
2018-03-07;301,0788626;9,06;14,38
2018-03-08;283,3581416;9;12,35
2018-03-09;267,2431592;9,88;9,31
2018-03-10;221,7530191;10,65;10,84
2018-03-11;213,7016785;11,83;15,87
2018-03-12;246,1245178;11,46;17,09
2018-03-13;237,9432595;10,98;15,73
2018-03-14;242,3073496;10,24;10,57
2018-03-15;265,0652029;9,79;14,37
2018-03-16;245,4057177;11,66;12,39
2018-03-17;212,6692504;10,04;14,37
2018-03-18;216,6531473;8,08;17,24
2018-03-19;298,4239696;7,02;16,27
2018-03-20;299,8924516;6,44;16,26
2018-03-21;304,2808324;5,99;19,18
2018-03-22;300,9387844;5,28;18,85
2018-03-23;281,9570776;6,04;15,37
2018-03-24;242,2419915;6,94;10,62
2018-03-25;223,6903447;7,91;12,46
2018-03-26;269,0400628;8,81;11,15
2018-03-27;252,8423216;9,42;10,74
2018-03-28;236,895944;10,63;11,8
2018-03-29;223,0175336;11,78;13,1
2018-03-30;195,089725;12,76;16,24
2018-03-31;170,4358258;11,51;19,01
2018-04-01;152,9214053;10,53;19,31
2018-04-02;162,9185362;10,78;11,32
2018-04-03;214,2697041;12,73;13,26
2018-04-04;235,0911802;12,56;13,22
2018-04-05;210,0788958;12,64;12,45
2018-04-06;187,0811718;12,55;11,49
2018-04-07;145,7604737;13,53;10,68
2018-04-08;135,8070211;14,38;13,68
2018-04-09;199,3794719;13,31;14,13
2018-04-10;207,0076999;12,66;10,79
2018-04-11;215,5464668;11,05;9,98
2018-04-12;209,6116619;13,47;12,41
2018-04-13;186,5372671;13,57;11,21
2018-04-14;138,315173;14,92;13,89
2018-04-15;144,2798957;15,77;12,85
2018-04-16;163,5237445;15,66;11,29
2018-04-17;154,2777668;15,66;9,72
2018-04-18;145,6312916;16,65;11,89
2018-04-19;137,7690934;17,56;10,9
2018-04-20;126,1382337;18,4;10,27
2018-04-21;109,8044903;18,19;8,54
2018-04-22;103,4578231;17,59;7,95
2018-04-23;125,9446376;17,71;8,7
2018-04-24;135,1638505;17,98;8,52
2018-04-25;102,3097435;18,3;10,02
2018-04-26;127,5068402;17,47;9,78
2018-04-27;121,8105252;17,53;10,77
2018-04-28;102,2317344;18,62;9,75
2018-04-29;98,76234751;19,11;11,9
2018-04-30;108,4046382;17,27;14,33
2018-05-01;102,1064524;14,85;9,31
2018-05-02;138,897825;15,86;14,67
2018-05-03;145,0385249;15,91;16,26
2018-05-04;139,3200589;16,46;14,04
2018-05-05;110,1049348;17,18;10,73
2018-05-06;99,91980952;17,88;10
2018-05-07;136,4667675;18,15;9,52
2018-05-08;140,9566949;17,78;9,39
2018-05-09;143,049036;16,87;9,04
2018-05-10;140,2080758;17,12;9,54
2018-05-11;132,7916502;17,96;10,06
2018-05-12;102,3139072;18,29;8,86
2018-05-13;97,0717579;17,08;11,39
2018-05-14;133,5462291;15,17;14,15
2018-05-15;142,9036729;13,65;11,47
2018-05-16;141,2215157;14,83;10,16
2018-05-17;139,9343676;16;8,97
2018-05-18;135,8069686;16,92;9,6
2018-05-19;101,180888;17,67;9,94
2018-05-20;96,9711126;18,3;11,11
2018-05-21;135,8161903;18,71;9,4
2018-05-22;147,7549495;18,11;9,53
2018-05-23;142,9619477;18;9,82
2018-05-24;135,0797158;19,31;9,57
2018-05-25;127,4804198;20,58;9,17
2018-05-26;99,57406899;19,9;8,21
2018-05-27;97,3114427;22;9,34
2018-05-28;136,6513745;21,57;9
2018-05-29;141,5930725;24,36;12,09
2018-05-30;146,7592739;21,84;9,33
2018-05-31;142,6114917;21,6;9,37
2018-06-01;133,5798107;21,66;10,05
2018-06-02;97,36211934;21,86;8,95
2018-06-03;99,59387805;20,59;7,21
2018-06-04;141,1854681;21,87;9,85
2018-06-05;141,6549085;20,61;9,82
2018-06-06;144,6069106;20,94;9,22
2018-06-07;142,1868373;21,62;10,43
2018-06-08;135,5633738;20,99;12,71
2018-06-09;98,08879851;21,6;11,65
2018-06-10;97,76390925;22,76;10,16
2018-06-11;146,3661601;23,31;9,33
2018-06-12;145,8752525;22,32;11,46
2018-06-13;142,7079442;19,97;13,15
2018-06-14;141,6172724;19,72;12,83
2018-06-15;129,8216782;20,23;12,24
2018-06-16;99,47179484;21,41;11,83
2018-06-17;96,8912703;22;11,17
2018-06-18;134,0376766;20,55;10
2018-06-19;139,8151046;23,46;12,07
2018-06-20;149,0454546;23,82;9,31
2018-06-21;152,2233746;23,78;8,99
2018-06-22;140,0780065;21,47;13,82
2018-06-23;99,88291591;20,4;13,74
2018-06-24;97,94699204;20,08;11,34
2018-06-25;140,4158365;19,87;11,69
2018-06-26;138,0957001;20,63;14,93
2018-06-27;138,8739153;21,08;15,48
2018-06-28;144,7558513;20,51;13,62
2018-06-29;139,4818536;21,86;11,45
2018-06-30;106,8961118;23,81;9,87
2018-07-01;97,41773676;23,99;10,91
2018-07-02;145,9771174;24,15;10,44
2018-07-03;157,2375415;24,13;9,35
2018-07-04;159,6262036;24,35;9,23
2018-07-05;154,3486157;24,08;10,08
2018-07-06;140,7711268;23,45;12,32
2018-07-07;105,5118975;23,77;12,82
2018-07-08;95,75945237;23,27;11,75
2018-07-09;147,7757807;23,91;11,01
2018-07-10;153,949937;23,62;10,28
2018-07-11;152,372704;22,71;11,34
2018-07-12;151,6809421;23,6;9,99
2018-07-13;152,3815245;24,68;9,44
2018-07-14;118,7225944;25,26;9,92
2018-07-15;106,5630196;24,71;9,24
2018-07-16;153,2648839;24,27;10,71
2018-07-17;156,1891051;23,71;14,19
2018-07-18;158,1308562;24,87;10,98
2018-07-19;161,9171137;25,4;9,8
2018-07-20;154,5826525;25,08;9,39
2018-07-21;114,9497456;24,16;11,04
2018-07-22;103,9639274;24,27;11,48
2018-07-23;149,0212155;23,69;13,89
2018-07-24;154,7137531;24,69;12,11
2018-07-25;158,9548408;25,33;11,53
2018-07-26;163,1978394;25,23;10,63
2018-07-27;157,0513725;24,16;8,38
2018-07-28;120,3559546;25,04;9,65
2018-07-29;107,9313434;25,57;9,6
2018-07-30;165,6670466;26,86;9,69
2018-07-31;173,3182727;27,51;10,2
2018-08-01;175,0700809;27,35;9,95
2018-08-02;167,9563719;26,63;9,58
2018-08-03;157,067652;26,74;10,08
2018-08-04;124,8353841;26,43;9,52
2018-08-05;111,584584;26,3;9,15
2018-08-06;142,6804806;26,55;8,54
2018-08-07;143,0542808;26,35;8,92
2018-08-08;136,9898725;26,29;9,39
2018-08-09;131,9488525;25,57;9,37
2018-08-10;120,6223634;25,29;9,5
2018-08-11;98,89131563;25,2;9,81
2018-08-12;91,67749463;25,19;9,36
2018-08-13;104,8743165;24,65;9,24
2018-08-14;95,20820353;23,15;10,16
2018-08-15;81,98490966;22,79;10,79
2018-08-16;93,43913667;23,73;9,88
2018-08-17;104,777106;24,16;8,41
2018-08-18;97,5039331;24,18;8,88
2018-08-19;94,361689;24,73;9,7
2018-08-20;126,1844414;24,94;10,1
2018-08-21;136,8207112;24,92;9,45
2018-08-22;139,2505208;24,71;8,54
2018-08-23;137,2395156;24,09;8,99
2018-08-24;131,1860422;23,4;9,9
2018-08-25;99,60021148;21,79;12,26
2018-08-26;87,31503193;19,84;15,83
2018-08-27;132,6466091;20,57;12,75
2018-08-28;149,4170644;22,35;10,42
2018-08-29;156,6894029;23,11;9,37
2018-08-30;154,1300899;22,67;9,05
2018-08-31;146,8372779;21,71;10,27
2018-09-01;110,7223215;20,74;11,45
2018-09-02;103,743302;20,5;10,43
2018-09-03;158,5796081;20,75;8,56
2018-09-04;164,7362512;21,17;8,63
2018-09-05;167,9541087;22,11;9,11
2018-09-06;168,361241;21,88;8,56
2018-09-07;157,2303893;21,62;9,42
2018-09-08;120,3214318;21,94;9,11
2018-09-09;114,3265035;22,07;8,21
2018-09-10;165,7227569;22,6;8,06
2018-09-11;166,0633441;23,17;9,45
2018-09-12;170,9669376;23,31;9,13
2018-09-13;174,7625679;22,13;8,17
2018-09-14;168,8130804;22,2;8,07
2018-09-15;132,3962498;22,02;8,62
2018-09-16;121,019459;21,71;7,88
2018-09-17;177,8068312;21,75;7,99
2018-09-18;179,76794;23,14;8,14
2018-09-19;179,9653447;22,1;7,65
2018-09-20;175,0056481;22,86;8,92
2018-09-21;169,1488149;22,17;10,21
2018-09-22;136,3887416;21,34;10,03
2018-09-23;115,9741729;22,13;10,71
2018-09-24;162,7326275;17,46;14,96
2018-09-25;157,5848348;16,77;18,82
2018-09-26;155,5629803;15,63;16,95
2018-09-27;161,216239;16,5;12,26
2018-09-28;159,8161829;18,09;10,69
2018-09-29;118,0501897;18,27;12,45
2018-09-30;107,294298;17,52;10,06
2018-10-01;158,5973626;16,13;12,7
2018-10-02;165,6792302;15,42;12,66
2018-10-03;160,3958401;16,23;12,19
2018-10-04;164,3914075;17,47;12,07
2018-10-05;158,7500698;17,02;11,47
2018-10-06;126,2694476;17,21;10,38
2018-10-07;118,1095765;17,55;8,23
2018-10-08;161,7503194;17,93;7,88
2018-10-09;165,842548;18,09;8,63
2018-10-10;171,4953534;17,92;10,3
2018-10-11;175,390882;17,61;9,66
2018-10-12;161,1503287;17,84;8,8
2018-10-13;121,949946;17,51;9,68
2018-10-14;115,3037862;17;10,26
2018-10-15;169,0488359;17,26;10,26
2018-10-16;174,9529419;17,41;8,72
2018-10-17;173,1372391;17,31;8,79
2018-10-18;166,5181996;17,73;10,62
2018-10-19;163,2318895;17,62;9,67
2018-10-20;127,9248026;16,92;8,63
2018-10-21;127,6019021;15,42;10,6
2018-10-22;175,8681349;12,1;14,37
2018-10-23;177,0204855;14,42;14,45
2018-10-24;177,3015974;15,18;12,48
2018-10-25;177,9813985;15,6;10,72
2018-10-26;173,4281248;15,88;10,67
2018-10-27;131,8814219;16,21;17,31
2018-10-28;123,7795374;15,81;21,39
2018-10-29;178,3751676;15,46;26,75
2018-10-30;194,0175891;13,06;17,24
2018-10-31;193,6841577;12,89;12,54
2018-11-01;156,5815262;14,33;11,96
2018-11-02;174,9172568;14,37;10,3
2018-11-03;152,5822354;15,04;11,11
2018-11-04;139,8503871;14,61;12,59
2018-11-05;198,6166109;14,8;11,63
2018-11-06;198,5816567;14,51;10,54
2018-11-07;199,1857332;13,75;8,25
2018-11-08;204,0417055;13,59;7,56
2018-11-09;197,3250545;13,13;7,79
2018-11-10;161,4856742;12,86;8,56
2018-11-11;151,1434072;13,76;8,01
2018-11-12;209,6216429;14;7,86
2018-11-13;220,5286205;13,66;7,15
2018-11-14;218,4955471;10;4,35
2018-11-15;229,3693794;10,21;6,53
2018-11-16;235,6256737;11,11;13,06
2018-11-17;207,3739373;6,3;12,39
2018-11-18;208,2263946;7,81;14,05
2018-11-19;299,7010694;7,28;13,43
2018-11-20;312,7579528;9,57;14,99
2018-11-21;305,942034;9,47;9,97
2018-11-22;289,5832962;10,28;6,81
2018-11-23;287,9663875;10,42;9,18
2018-11-24;231,2331291;11,76;10,73
2018-11-25;205,9217462;10,91;13,22
2018-11-26;275,1238282;10,12;11,99
2018-11-27;274,5890379;9,14;16,56
2018-11-28;280,2378892;7,6;15,11
2018-11-29;301,1538728;7,15;11,07
2018-11-30;316,3463051;6,86;7,63
2018-12-01;273,112309;8,3;9,08
2018-12-02;250,8708496;9,05;9,72
2018-12-03;296,1415537;10,9;10,42
2018-12-04;286,5168378;11,42;11,34
2018-12-05;292,8546462;9,91;9,52
2018-12-06;295,5483508;9,61;8,74
2018-12-07;282,8980756;9,66;9,66
2018-12-08;214,2880494;10,2;19,56
2018-12-09;219,4106666;9,95;19,54
2018-12-10;291,8263174;9,24;17,63
2018-12-11;322,5210793;6,8;11,67
2018-12-12;343,9520321;4,71;8,09
2018-12-13;348,8462957;5,27;11,28
2018-12-14;347,9926485;6,02;12,77
2018-12-15;294,9661549;4,34;13,42
2018-12-16;289,4482403;4,64;10,03
2018-12-17;346,2604602;6,19;14,99
2018-12-18;353,9827285;5,36;12,23
2018-12-19;363,682361;5,28;8,32
2018-12-20;344,8972012;6,98;9,49
2018-12-21;314,4962023;7,41;10,52
2018-12-22;254,7546156;9,56;13,19
2018-12-23;241,9973609;9,89;10,17
2018-12-24;232,5906357;10,09;14,7
2018-12-25;221,5969746;6,62;13,69
2018-12-26;251,8137676;4,99;9,61
2018-12-27;288,6919071;5,23;7,54
2018-12-28;284,7246403;5,86;7
2018-12-29;256,8156993;6,25;8,17
2018-12-30;246,1236119;6,62;10,5
2018-12-31;253,4127071;6,52;12,46
2019-01-01;238,3568557;6,27;13,53
2019-01-02;293,5418842;5,63;15,26
2019-01-03;321,9337606;2,74;17,51
2019-01-04;348,2579467;1,14;14,08
2019-01-05;315,8224037;2,84;13,1
2019-01-06;293,3365441;5,1;11,34
2019-01-07;364,8409823;4,63;11,12
2019-01-08;369,8565764;3,93;10,74
2019-01-09;366,1072332;5,07;15,89
2019-01-10;371,9249432;3,91;15,11
2019-01-11;375,4956505;2,66;11,38
2019-01-12;317,8163121;3,53;13,52
2019-01-13;290,8057665;5,64;12,8
2019-01-14;334,7284526;7,62;16,17
2019-01-15;342,7497681;5,97;12,78
2019-01-16;346,2690124;5,65;9,92
2019-01-17;341,8449415;7,2;11,63
2019-01-18;336,385652;6,64;11,39
2019-01-19;304,8512775;4,79;8,42
2019-01-20;295,3655161;4,39;7,33
2019-01-21;375,8773996;4,81;10,51
2019-01-22;380,3596563;4,24;12,84
2019-01-23;393,2254914;1,71;10,71
2019-01-24;385,6367187;3,72;15,79
2019-01-25;367,62746;3,51;16,73
2019-01-26;317,3864977;4,11;14,1
2019-01-27;296,6616333;5,85;13,82
2019-01-28;354,5845916;6,37;17,9
2019-01-29;363,8732038;4,71;10,28
2019-01-30;371,7235945;4,2;12,85
2019-01-31;359,688558;4,86;12,75
2019-02-01;339,6469575;8,24;17,8
2019-02-02;281,3756777;8,94;17,05
2019-02-03;263,0400465;7,35;13,91
2019-02-04;325,0695445;6,47;13,69
2019-02-05;322,8228362;6,19;15,86
2019-02-06;319,1192441;6,35;14,37
2019-02-07;331,1577713;6,24;9,01
2019-02-08;319,2528511;6,84;9,03
2019-02-09;262,6898971;7,36;9,27
2019-02-10;238,5738106;8,84;14,81
2019-02-11;298,8867395;8,34;21,47
2019-02-12;299,7765849;6,58;15,41
2019-02-13;305,285578;5,82;15,23
2019-02-14;302,7346228;7,08;12,12
2019-02-15;295,222905;7,71;11,54
2019-02-16;249,5859746;7,61;9,74
2019-02-17;228,9484207;7,73;7,74
2019-02-18;292,6636204;7,87;7,5
2019-02-19;302,7321969;7,83;7,67
2019-02-20;307,5279166;7,78;7,18
2019-02-21;297,1018693;8,2;8,16
2019-02-22;270,1051824;9,1;11,44
2019-02-23;249,7651094;5,75;24,26
2019-02-24;243,2774098;5,71;19,96
2019-02-25;298,2025696;7,26;14,78
2019-02-26;276,0863432;9,22;11,5
2019-02-27;258,4324874;10,56;12,22
2019-02-28;254,7837863;10,26;10,72
2019-03-01;247,5384808;10,14;13,2
2019-03-02;207,6542903;10,08;12,34
2019-03-03;198,1163549;10,37;10,14
2019-03-04;255,0818654;10,55;16,21
2019-03-05;253,4671619;10,72;12,73
2019-03-06;255,6205033;10,65;11,41
2019-03-07;246,4698075;12,78;17,61
2019-03-08;240,2546119;12,02;11,94
2019-03-09;186,0730456;11,59;12,45
2019-03-10;177,2947224;11,78;16,12
2019-03-11;237,3721059;10,56;18,85
2019-03-12;258,1345475;7,81;20,36
2019-03-13;275,6692723;6,61;13,02
2019-03-14;268,4894761;8,6;18,01
2019-03-15;241,5199067;10,87;15,67
2019-03-16;188,4989942;12,77;14,07
2019-03-17;185,19784;11,53;12,77
2019-03-18;247,1360901;10,31;14,87
2019-03-19;266,265237;8,81;12,55
2019-03-20;260,0505806;9,13;17,32
2019-03-21;245,4959875;10,54;16,76
2019-03-22;227,3526019;11,91;12,67
2019-03-23;172,7480562;12,74;10,21
2019-03-24;158,1967186;13,17;9,14
2019-03-25;202,3703156;12,19;12,9
2019-03-26;228,2127861;9,66;19,13
2019-03-27;236,6835268;9,44;15,95
2019-03-28;225,9164949;10,08;16,84
2019-03-29;216,3722005;11,25;13,76
2019-03-30;173,5902344;11,5;10,37
2019-03-31;162,4167716;12,07;8,9
2019-04-01;210,4834642;12,94;9,44
2019-04-02;213,0190547;13,02;9,53
2019-04-03;223,2503396;11,94;12,86
2019-04-04;230,2140029;10,84;18,82
2019-04-05;227,1408673;10,15;12,29
2019-04-06;181,1960709;11,02;9,42
2019-04-07;182,7047468;10,76;9,85
2019-04-08;222,7142937;11,15;12,37
2019-04-09;217,5874438;12,22;11,67
2019-04-10;213,1720175;11,56;10,9
2019-04-11;228,138271;11,03;11,84
2019-04-12;220,7986315;10,64;10,6
2019-04-13;187,1515578;10,15;11,08
2019-04-14;187,9957333;9,84;13,02
2019-04-15;210,4168671;11,52;13,04
2019-04-16;208,8317759;12,35;9,33
2019-04-17;195,507821;13,27;9,09
2019-04-18;178,8246759;14,12;11,4
2019-04-19;159,6494864;14,72;11,51
2019-04-20;120,975439;15,03;12,24
2019-04-21;103,7528845;15,2;14,37
2019-04-22;115,6536728;15,27;19,13
2019-04-23;170,9445319;14,99;17,2
2019-04-24;162,4896368;14,04;14,44
2019-04-25;130,8907308;16,25;11,86
2019-04-26;145,4881626;15,23;12,88
2019-04-27;118,9172646;13,91;13,44
2019-04-28;127,0922411;12,25;14,82
2019-04-29;179,0466734;11,38;14,26
2019-04-30;166,2942824;12,44;11,63
2019-05-01;123,4853292;13,41;9,27
2019-05-02;164,7178167;14;10,45
2019-05-03;168,8596032;13,54;11,79
2019-05-04;139,8538318;12,51;11,9
2019-05-05;143,3957564;10,67;21,2
2019-05-06;179,8832545;10,38;17,72
2019-05-07;185,6535235;11,59;11,44
2019-05-08;194,5401037;12,62;12,18
2019-05-09;181,3181357;14,1;14,79
2019-05-10;165,8700137;15,28;10,13
2019-05-11;127,8464978;15,22;11,76
2019-05-12;133,1798405;13,07;16,53
2019-05-13;181,5750434;13,19;17,2
2019-05-14;178,6060671;12,64;16,13
2019-05-15;192,8830432;11;13,31
2019-05-16;180,9804232;12,25;8,48
2019-05-17;170,7154783;13,51;9,36
2019-05-18;145,0935237;13,78;6,68
2019-05-19;135,5126243;12,84;6,13
2019-05-20;170,5597496;14,43;13,31
2019-05-21;160,1444343;15,51;13,49
2019-05-22;155,8053959;16,39;10,85
2019-05-23;150,5977694;16,62;9,25
2019-05-24;141,9315249;17,56;8,87
2019-05-25;111,8499173;17,15;9,17
2019-05-26;108,1599555;16,3;12,57
2019-05-27;147,7087232;16,1;14,27
2019-05-28;142,5908885;16,18;13,52
2019-05-29;147,0325594;15,67;14,59
2019-05-30;146,7654113;15,98;10,73
2019-05-31;134,8630457;16,98;11,2
2019-06-01;102,5755688;18,33;10,63
2019-06-02;98,97727471;19,56;9,73
2019-06-03;139,2451082;20,37;9,67
2019-06-04;145,2439617;21,06;8,78
2019-06-05;141,9587333;21,22;10,68
2019-06-06;142,8129456;19,96;11,77
2019-06-07;138,3984151;21,43;11,21
2019-06-08;108,2879863;22,65;10,24
2019-06-09;108,878628;23,09;10,85
2019-06-10;154,7357076;23,28;11,18
2019-06-11;158,6943954;22,58;10,48
2019-06-12;159,040075;22,79;12,46
2019-06-13;156,8036432;22,64;10,46
2019-06-14;142,6896904;24,1;11,9
2019-06-15;116,8838461;23,95;11,14
2019-06-16;107,55355;23,04;11,35
2019-06-17;159,4499888;23,08;10,25
2019-06-18;167,1019826;23,63;9,31
2019-06-19;166,8420943;23,8;9,53
2019-06-20;165,208546;23,27;9,58
2019-06-21;165,0592044;23,74;9,6
2019-06-22;126,10035;23,24;11,13
2019-06-23;111,6142883;23,47;10,4
2019-06-24;153,5579944;24,95;11
2019-06-25;162,7018292;26,5;11,56
2019-06-26;167,1551191;27,64;11,21
2019-06-27;172,1804732;28,26;10,44
2019-06-28;165,7145101;27,77;11,3
2019-06-29;119,7977374;26,6;12,42
2019-06-30;116,9052914;26,68;10,18
2019-07-01;166,827674;26,42;9,56
2019-07-02;168,6082657;26,03;9,68
2019-07-03;174,0161394;25,89;10,45
2019-07-04;175,3127148;25,54;9,78
2019-07-05;170,7034735;26,12;9,47
2019-07-06;127,1486853;26,19;10,14
2019-07-07;114,9528565;25,79;12,13
2019-07-08;172,396659;25,81;10,69
2019-07-09;180,3539246;25,04;12,06
2019-07-10;166,8554446;23,54;14,66
2019-07-11;168,6955166;22,46;10,95
2019-07-12;167,2962433;23,24;10,74
2019-07-13;121,2335353;23,05;12,65
2019-07-14;107,7103324;22,57;12,24
2019-07-15;161,6842737;21;13,77
2019-07-16;158,7196207;22,11;13,79
2019-07-17;171,3932311;23,16;10,85
2019-07-18;175,8508309;23,05;9,08
2019-07-19;164,1065668;23,77;8,75
2019-07-20;127,9963154;24,66;9,44
2019-07-21;118,4797533;25,18;9,42
2019-07-22;169,9572919;26,13;9,57
2019-07-23;177,1130338;26,85;10,34
2019-07-24;180,5906036;27,72;9,93
2019-07-25;185,3637902;28,01;9,23
2019-07-26;175,3886307;27,25;10,08
2019-07-27;130,2887431;24,92;12,66
2019-07-28;106,2653869;22,31;17,69
2019-07-29;161,4731761;23,74;13,71
2019-07-30;167,1341755;24,39;10,06
2019-07-31;168,787967;24,69;10,31
2019-08-01;168,1179146;25,38;10,03
2019-08-02;152,4267329;24,59;11
2019-08-03;115,217927;23,96;11,87
2019-08-04;107,7329993;23,49;10,16
2019-08-05;146,0577142;24,98;9,7
2019-08-06;148,9291547;25,29;10,39
2019-08-07;142,2044147;24,91;11,68
2019-08-08;145,6779359;25,47;9,45
2019-08-09;136,6516944;26,05;9,53
2019-08-10;117,8677698;26,4;9,57
2019-08-11;108,4853455;26,56;9,97
2019-08-12;122,7348103;26,1;9,66
2019-08-13;115,7788101;22,1;13,94
2019-08-14;98,74888899;23,21;13,75
2019-08-15;85,30286372;22,64;12,44
2019-08-16;100,449109;22,8;10,68
2019-08-17;100,6437429;23,2;9,29
2019-08-18;98,58361809;24,67;9,89
2019-08-19;127,3981169;24,26;8,78
2019-08-20;136,9383669;24,05;8,91
2019-08-21;137,3074126;24,15;9,76
2019-08-22;138,2895223;24,07;9,48
2019-08-23;137,0699043;23,72;9,95
2019-08-24;120,8403415;24,07;9,06
2019-08-25;119,3454835;24,34;8,54
2019-08-26;163,2998883;24,63;8,36
2019-08-27;171,0429372;25,12;8,34
2019-08-28;176,3561997;24,72;8,84
2019-08-29;177,9817488;24,54;8,08
2019-08-30;171,7559954;24,91;8,78
2019-08-31;141,077887;24,71;8,7
2019-09-01;132,0291529;23,87;8,7
2019-09-02;177,6552233;22,6;9,47
2019-09-03;170,0667358;19,35;13,2
2019-09-04;172,6206887;21,89;11,19
2019-09-05;177,4827971;21,47;10,2
2019-09-06;166,253273;20,08;12,47
2019-09-07;127,9686153;20;10,63
2019-09-08;114,4567901;19,01;12,82
2019-09-09;164,1670459;19,08;11,66
2019-09-10;173,0863305;19,35;9,98
2019-09-11;173,5470206;20,7;10,82
2019-09-12;167,2872922;20,18;9,62
2019-09-13;161,6893571;22,38;11,74
2019-09-14;126,0827997;22,23;10,76
2019-09-15;119,7526303;22,34;8,82
2019-09-16;168,6118653;22,31;7,92
2019-09-17;172,6373978;23,22;10,37
2019-09-18;176,7415274;21,16;10,25
2019-09-19;170,8918174;19,46;11,62
2019-09-20;155,9507331;18,43;13,17
2019-09-21;126,741691;18,43;10,82
2019-09-22;120,9193622;18,9;11,53
2019-09-23;162,1600008;19,51;11,92
2019-09-24;165,8122811;19,16;12,28
2019-09-25;165,5669599;19,28;10,68
2019-09-26;169,5475438;19,78;10,54
2019-09-27;161,5470215;19,97;8,94
2019-09-28;127,4042348;20,19;9,75
2019-09-29;120,0056638;20,29;10,19
2019-09-30;161,3809308;20,78;11,99
2019-10-01;170,3895416;20,1;9,15
2019-10-02;163,8172572;19,06;12,38
2019-10-03;164,7405671;15,87;14,09
2019-10-04;155,0070524;14,95;13,35
2019-10-05;131,2146851;16,67;11,59
2019-10-06;123,9325161;16,18;10,92
2019-10-07;157,7944823;15,22;14,08
2019-10-08;165,2321928;16,06;12,74
2019-10-09;176,0257717;16,68;11,56
2019-10-10;178,837714;17,26;11,15
2019-10-11;173,559002;16,77;8,89
2019-10-12;142,9822442;17,11;8,21
2019-10-13;133,1504029;17,75;8,58
2019-10-14;177,0434449;18,16;9,01
2019-10-15;177,9487663;17,63;12,67
2019-10-16;178,9958982;16,77;10,57
2019-10-17;184,8325086;16,05;7,88
2019-10-18;177,5989346;16,35;7,87
2019-10-19;143,2585736;16,73;10,13
2019-10-20;128,6493493;18,11;12,27
2019-10-21;180,6143237;18,63;9,65
2019-10-22;182,8157837;18,12;9,48
2019-10-23;176,083866;17,89;11,74
2019-10-24;185,9389132;16,58;10,75
2019-10-25;173,3977634;16,34;9,2
2019-10-26;135,8275913;16,41;9,22
2019-10-27;129,8020441;16,27;7,51
2019-10-28;184,8502779;15,75;6,86
2019-10-29;190,2845847;15,42;7,56
2019-10-30;196,7818723;14,83;9,17
2019-10-31;195,7580522;13,9;8,87
2019-11-01;154,5452338;13,58;9,05
2019-11-02;149,4405146;14,53;11,39
2019-11-03;140,9502261;15,27;18,99
2019-11-04;185,5447475;15,26;17,68
2019-11-05;194,8414934;15,28;17,81
2019-11-06;219,8317046;12,73;11,71
2019-11-07;224,5299998;11,62;8,77
2019-11-08;215,6489042;11,44;13,27
2019-11-09;178,7803977;10,46;11,26
2019-11-10;181,2260992;9,47;10,1
2019-11-11;241,0197023;10,37;12,38
2019-11-12;242,3559831;11;18,3
2019-11-13;254,6298631;10,63;14,55
2019-11-14;267,0876817;9,64;10,81
2019-11-15;252,6863857;11,27;16,31
2019-11-16;212,4319061;11,16;13,67
2019-11-17;201,1124566;10,88;17,66
2019-11-18;268,962099;10,02;12,15
2019-11-19;278,565355;10,33;12,69
2019-11-20;262,274326;10,1;9,26
2019-11-21;261,2976286;9,83;8,52
2019-11-22;248,4574697;10,28;9,67
2019-11-23;200,9874657;10,65;16,03
2019-11-24;191,7553281;11,51;14,17
2019-11-25;236,3164679;11,63;10,5
2019-11-26;242,3847092;11,11;8,33
2019-11-27;240,0576498;11,83;13,49
2019-11-28;234,1808897;12,24;14,47
2019-11-29;241,6653727;11,58;13,84
2019-11-30;219,8718748;9,76;9,8
2019-12-01;214,8943694;8,92;10,43
2019-12-02;279,0602961;10,5;11,95
2019-12-03;291,8654795;9,06;13,14
2019-12-04;307,7888025;7,25;14,97
2019-12-05;326,7557032;7,58;9,52
2019-12-06;312,0469484;8,42;7,28
2019-12-07;247,1538084;9,8;9,06
2019-12-08;228,9442985;9,5;8,51
2019-12-09;292,1029886;9,75;13,15
2019-12-10;298,2187597;8,2;15,29
2019-12-11;314,6021382;6,26;12,77
2019-12-12;340,271892;5,89;12,31
2019-12-13;330,2218692;6,94;20,04
2019-12-14;268,4489276;9,1;18,7
2019-12-15;243,0937589;10,01;10,6
2019-12-16;291,0602922;10,73;11,24
2019-12-17;277,5232858;11,97;14,6
2019-12-18;265,4319063;12,12;12,82
2019-12-19;248,9050069;11,15;12,63
2019-12-20;224,6650305;11,21;16,44
2019-12-21;187,5756032;11,85;20,89
2019-12-22;184,6978857;11,09;25,87
2019-12-23;201,5322859;10,12;22,38
2019-12-24;197,6412407;9,2;14,83
2019-12-25;186,0990279;9,25;12,45
2019-12-26;205,7433639;7,65;9,41
2019-12-27;239,0789398;7,44;8,74
2019-12-28;229,0406039;5,81;14,53
2019-12-29;236,4128954;4,16;15,15
2019-12-30;265,6449734;4,1;15,06
2019-12-31;258,1832181;4,92;9,43
2020-01-01;234,7429587;5,68;9,73
2020-01-02;278,9537279;5,64;9,33
2020-01-03;286,2425386;6,3;8,33
2020-01-04;254,3390159;7,39;9,95
2020-01-05;237,1851645;6,7;15,26
2020-01-06;270,9417106;4,6;14,04
2020-01-07;345,048808;4,89;9,52
2020-01-08;356,2774957;5,98;10,6
2020-01-09;354,6986914;6,46;7,85
2020-01-10;343,374727;6,2;8,06
2020-01-11;286,421493;4,62;8,69
2020-01-12;275,6140716;6,29;9,27
2020-01-13;356,9834861;5,83;7,3
2020-01-14;364,0197036;6,13;7,54
2020-01-15;354,6478651;6,78;7,95
2020-01-16;344,2705416;7,09;8,4
2020-01-17;331,6645821;6,92;8,57
2020-01-18;276,7897996;7,1;11,76
2020-01-19;271,6360884;6,36;12,07
2020-01-20;343,4557099;6,25;16,75
2020-01-21;356,9405718;6,32;13,41
2020-01-22;357,4463475;6,55;9,79
2020-01-23;359,7021464;6,56;9,18
2020-01-24;346,452345;6,71;9,66
2020-01-25;287,4349167;8,05;8,92
2020-01-26;266,2530515;8,05;7,56
2020-01-27;317,3529111;8,22;9,45
2020-01-28;305,2430693;9,71;17,89
2020-01-29;298,5855465;9,56;16,47
2020-01-30;308,7689207;7,25;10,29
2020-01-31;294,7926485;9,98;9,8
2020-02-01;252,0881733;10,48;9,22
2020-02-02;222,4026636;10,95;11,45
2020-02-03;278,5892332;12,08;12,43
2020-02-04;264,5538645;11,28;21,91
2020-02-05;288,369157;7,27;25,27
2020-02-06;301,167483;5,64;16,99
2020-02-07;311,6889094;5,66;9,03
2020-02-08;271,4177666;6,38;7,42
2020-02-09;247,9551091;7,56;9,65
2020-02-10;290,7285811;10,88;19,62
2020-02-11;260,837751;12,01;20,42
2020-02-12;276,7308499;10,11;12,96
2020-02-13;287,4317282;8,73;10,63
2020-02-14;262,9036687;10,12;15,61
2020-02-15;222,4111118;9,01;9,91
2020-02-16;217,7823215;9,14;8,39
2020-02-17;278,9313757;9,83;9,71
2020-02-18;273,3831746;9,84;10,6
2020-02-19;274,5228737;9,15;12,53
2020-02-20;272,5175528;8,7;12,88
2020-02-21;278,4700686;8,47;10,22
2020-02-22;226,2840888;8,91;10,76
2020-02-23;206,2060271;10,25;11,61
2020-02-24;249,2549704;11,56;11,35
2020-02-25;248,1867184;11,02;13,76
2020-02-26;252,9832189;9,98;22,35
2020-02-27;269,69989;7,69;17,86
2020-02-28;256,8757551;9,45;17,83
2020-02-29;227,3056948;9;13,01
2020-03-01;212,7076395;10,62;16,58
2020-03-02;281,2239526;10,72;18,61
2020-03-03;270,1938544;9,49;17,02
2020-03-04;274,9524907;8,36;11,55
2020-03-05;279,056345;8,69;12,13
2020-03-06;260,7916618;9,73;16,67
2020-03-07;217,5416362;8,82;12,11
2020-03-08;202,0865031;8,45;11,57
2020-03-09;273,0461751;8,32;11,47
2020-03-10;262,222407;9,22;12,23
2020-03-11;239,1340491;11,29;10,2
2020-03-12;218,2441374;12,01;9,45
2020-03-13;199,2843932;11,85;9,39
2020-03-14;181,5669507;10,81;9,5
2020-03-15;177,2356305;10,38;13,29
2020-03-16;210,070271;10,57;10,94
2020-03-17;209,531871;10,98;8,86
2020-03-18;194,616097;11,93;8,63
2020-03-19;181,9835916;12,58;8,46
2020-03-20;173,3987417;12,07;8,47
2020-03-21;146,7145793;11,46;10,42
2020-03-22;155,3055668;10,38;14,17
2020-03-23;206,4275521;6,87;19,82
2020-03-24;215,0377797;5,22;17,01
2020-03-25;231,0248933;5,15;19,98
2020-03-26;230,5124135;6,73;19,28
2020-03-27;211,4649372;8,94;13,74
2020-03-28;173,7273611;10,67;8,93
2020-03-29;159,1104519;10,62;9,06
2020-03-30;187,7552421;9,37;11,82
2020-03-31;202,8255476;8,13;13,94
2020-04-01;204,4823757;6,95;15,03
2020-04-02;203,4097248;7,86;9,53
2020-04-03;183,3028547;9,33;10,22
2020-04-04;154,3720204;11,56;14,5
2020-04-05;145,4608135;12,55;14,59
2020-04-06;153,0221497;13,49;10,53
2020-04-07;147,6761309;13,89;9,79
2020-04-08;144,6293947;13,41;9,36
2020-04-09;139,6590316;14,24;8,63
2020-04-10;129,1639042;15,06;8,86
2020-04-11;116,6290195;15,14;8,58
2020-04-12;104,4644893;15,3;8,54
2020-04-13;108,0215468;15,01;12,25
2020-04-14;133,2975943;12,82;13,9
2020-04-15;138,9383982;11,84;14,33
2020-04-16;141,8545569;13,3;9,53
2020-04-17;134,6885748;14,77;8,89
2020-04-18;117,0716954;15,75;8,05
2020-04-19;111,3225328;16,21;9,33
2020-04-20;141,8791295;14,66;14,88
2020-04-21;150,9096236;13,9;15,41
2020-04-22;144,5687926;13,88;12,9
2020-04-23;138,5157133;14,55;10,32
2020-04-24;128,887589;14,97;8,69
2020-04-25;105,9339675;15,82;10,59
2020-04-26;110,5382191;15,46;8,35
2020-04-27;127,8155629;16,02;9,16
2020-04-28;128,9133438;15,45;12,04
2020-04-29;121,9297945;15,47;14,48
2020-04-30;117,690306;14,99;10,87
2020-05-01;99,58054457;15,17;12,37
2020-05-02;100,3860949;15,49;15,04
2020-05-03;99,79667147;16,36;13,05
2020-05-04;127,5848465;16,58;11,22
2020-05-05;124,8972048;16,44;10,38
2020-05-06;131,777654;16,62;11,47
2020-05-07;133,1194807;16,42;12,73
2020-05-08;129,0868237;17,67;10,01
2020-05-09;110,1663517;18,11;10,57
2020-05-10;102,8032593;17,91;12,18
2020-05-11;122,8018923;16,85;15,68
2020-05-12;128,9546827;16,51;12,88
2020-05-13;138,711023;17,48;14,5
2020-05-14;127,6492902;19,5;14,8
2020-05-15;129,9173425;18,13;13,28
2020-05-16;105,0698111;19,04;12
2020-05-17;101,6037313;19,71;10,45
2020-05-18;131,7370808;20,06;11,86
2020-05-19;141,8958171;19,09;12,95
2020-05-20;135,294071;18,67;13,58
2020-05-21;120,4486404;19,31;13,6
2020-05-22;114,7163487;19,73;11,01
2020-05-23;99,99100214;19,86;10,42
2020-05-24;97,33209742;19,24;12,18
2020-05-25;124,7036945;18,7;12,53
2020-05-26;130,6873757;18,15;13,7
2020-05-27;125,7779017;17,74;13,76
2020-05-28;126,3284116;17,69;11,56
2020-05-29;130,2948551;16,5;11,46
2020-05-30;116,9740099;16,26;10,37
2020-05-31;104,6623214;16,7;9,93
2020-06-01;110,6153685;18,31;10,79
2020-06-02;109,3718487;19,39;10,8
2020-06-03;132,5620853;19,53;10,83
2020-06-04;127,5087219;18,31;15,21
2020-06-05;124,0636735;17,72;16,14
2020-06-06;97,64148823;19,11;13,3
2020-06-07;102,0617636;18,78;11,82
2020-06-08;140,5642209;18,27;11,07
2020-06-09;144,6848618;17,97;11,51
2020-06-10;147,9269488;17,39;11,85
2020-06-11;141,3201499;17,67;10,37
2020-06-12;134,0658532;14,9;7,82
2020-06-13;108,0552525;16,67;7,75
2020-06-14;105,1660559;17,41;8,71
2020-06-15;138,7479304;17,29;9,23
2020-06-16;148,5378016;17,16;8,86
2020-06-17;148,4090523;17,13;7,48
2020-06-18;147,8444943;16,72;8,19
2020-06-19;139,7856319;16,88;6,99
2020-06-20;104,7284646;16,95;8,58
2020-06-21;103,163515;17,56;10,35
2020-06-22;135,766646;18,2;10,23
2020-06-23;147,6666079;19,35;9,72
2020-06-24;156,4003885;19,46;8,48
2020-06-25;152,445778;19,31;6,31
2020-06-26;147,4674796;19,19;7,15
2020-06-27;118,432561;19,92;7,31
2020-06-28;114,7714238;20,21;6,04
2020-06-29;149,2781345;20,41;6,04
2020-06-30;151,5572264;20,72;7,56
2020-07-01;160,9341123;20,84;6,17
2020-07-02;158,2762678;21,4;6,36
2020-07-03;149,6085955;21,33;7,59
2020-07-04;108,2859705;19,97;10,9
2020-07-05;100,9606674;19,71;9,37
2020-07-06;155,0778311;20,53;8,46
2020-07-07;154,1822538;19,8;12,13
2020-07-08;162,8237588;18,43;8,12
2020-07-09;170,5892942;19,06;6,37
2020-07-10;160,2306464;20,25;5,83
2020-07-11;123,0698266;20,76;5,79
2020-07-12;106,673969;20,09;9,04
2020-07-13;153,0191135;19,5;10,39
2020-07-14;165,8477335;18,62;8,78
2020-07-15;168,5374065;18,52;6,36
2020-07-16;166,4201889;18,59;8
2020-07-17;163,2951781;19,16;6,65
2020-07-18;122,1670391;18,52;9,83
2020-07-19;113,9513735;18,04;7,91
2020-07-20;162,5060287;18,86;6,16
2020-07-21;172,1500305;20,22;6,61
2020-07-22;169,7655901;21,14;6,69
2020-07-23;166,6830573;21,05;7,04
2020-07-24;156,5047349;21,33;7,72
2020-07-25;121,9113344;20,09;8,48
2020-07-26;110,4342732;20,07;7,54
2020-07-27;156,0437323;20,13;6,21
2020-07-28;163,5592542;21,86;7,09
2020-07-29;166,4904595;21,97;6,53
2020-07-30;175,9925333;22,5;5,42
2020-07-31;163,2331593;23,42;6,03
2020-08-01;133,1963991;23,86;6,91
2020-08-02;117,5058605;23,97;8,37
2020-08-03;152,9084884;22,18;7,89
2020-08-04;148,7118875;20,87;12,31
2020-08-05;143,2100924;18,67;10,71
2020-08-06;143,0262799;18,42;8,58
2020-08-07;135,7190437;20,23;7,73
2020-08-08;110,0356676;21,22;7,54
2020-08-09;98,6135445;22,04;8,09
2020-08-10;130,5582621;22,08;7,26
2020-08-11;136,9461899;21,9;5,69
2020-08-12;130,7301716;22,15;6,05
2020-08-13;131,8923836;22,82;6,94
2020-08-14;125,5811831;22,26;7,39
2020-08-15;105,4863599;22,04;6,85
2020-08-16;106,6496002;21,76;6,27
2020-08-17;131,162146;21,64;7,48
2020-08-18;133,5196268;21,21;7,23
2020-08-19;136,5338573;20,49;7,74
2020-08-20;137,8591322;22,5;7,3
2020-08-21;131,7914299;21,81;6,45
2020-08-22;113,3308001;22,26;5,91
;;;